CREATE DATABASE  IF NOT EXISTS `finalproject` /*!40100 DEFAULT CHARACTER SET utf8mb4 COLLATE utf8mb4_0900_ai_ci */ /*!80016 DEFAULT ENCRYPTION='N' */;
USE `finalproject`;
-- MySQL dump 10.13  Distrib 8.0.30, for macos12 (x86_64)
--
-- Host: localhost    Database: finalproject
-- ------------------------------------------------------
-- Server version	8.0.30

/*!40101 SET @OLD_CHARACTER_SET_CLIENT=@@CHARACTER_SET_CLIENT */;
/*!40101 SET @OLD_CHARACTER_SET_RESULTS=@@CHARACTER_SET_RESULTS */;
/*!40101 SET @OLD_COLLATION_CONNECTION=@@COLLATION_CONNECTION */;
/*!50503 SET NAMES utf8 */;
/*!40103 SET @OLD_TIME_ZONE=@@TIME_ZONE */;
/*!40103 SET TIME_ZONE='+00:00' */;
/*!40014 SET @OLD_UNIQUE_CHECKS=@@UNIQUE_CHECKS, UNIQUE_CHECKS=0 */;
/*!40014 SET @OLD_FOREIGN_KEY_CHECKS=@@FOREIGN_KEY_CHECKS, FOREIGN_KEY_CHECKS=0 */;
/*!40101 SET @OLD_SQL_MODE=@@SQL_MODE, SQL_MODE='NO_AUTO_VALUE_ON_ZERO' */;
/*!40111 SET @OLD_SQL_NOTES=@@SQL_NOTES, SQL_NOTES=0 */;

--
-- Table structure for table `game`
--

DROP TABLE IF EXISTS `game`;
/*!40101 SET @saved_cs_client     = @@character_set_client */;
/*!50503 SET character_set_client = utf8mb4 */;
CREATE TABLE `game` (
  `GAME_ID` int DEFAULT NULL,
  `GAME_DATE` text,
  `LOCATION` text,
  `OPPONENT` text,
  `RESULT` text,
  `TEAM_ID` int DEFAULT NULL
) ENGINE=InnoDB DEFAULT CHARSET=utf8mb4 COLLATE=utf8mb4_0900_ai_ci;
/*!40101 SET character_set_client = @saved_cs_client */;

--
-- Dumping data for table `game`
--

LOCK TABLES `game` WRITE;
/*!40000 ALTER TABLE `game` DISABLE KEYS */;
INSERT INTO `game` VALUES (0,'9-Sep','Away','Tennessee Titans','W',1),(1,'16-Sep','Home','Arizona Cardinals','L',1),(2,'23-Sep','Away','Baltimore Ravens','L',1),(3,'30-Sep','Away','Buffalo Bills','W',1),(4,'7-Oct','Home','Denver Broncos','W',1),(5,'14-Oct','Away','Seattle Seahawks','L',1),(6,'21-Oct','Home','New York Jets','W',1),(7,'28-Oct','Away','St. Louis Rams','W',1),(8,'11-Nov','Home','Buffalo Bills','W',1),(9,'18-Nov','Home','Indianapolis Colts','W',1),(10,'22-Nov','Away','New York Jets','W',1),(11,'2-Dec','Away','Miami Dolphins','W',1),(12,'10-Dec','Home','Houston Texans','W',1),(13,'16-Dec','Home','San Francisco 49ers','L',1),(14,'23-Dec','Away','Jacksonville Jaguars','W',1),(15,'30-Dec','Home','Miami Dolphins','W',1),(16,'13-Jan','Home','Houston Texans','W',1),(17,'20-Jan','Home','Baltimore Ravens','L',1),(18,'9-Sep','Home','Pittsburgh Steelers','W',2),(19,'17-Sep','Away','Atlanta Falcons','L',2),(20,'23-Sep','Home','Houston Texans','L',2),(21,'30-Sep','Home','Oakland Raiders','W',2),(22,'7-Oct','Away','New England Patriots','L',2),(23,'15-Oct','Away','San Diego Chargers','W',2),(24,'28-Oct','Home','New Orleans Saints','W',2),(25,'4-Nov','Away','Cincinnati Bengals','W',2),(26,'11-Nov','Away','Carolina Panthers','W',2),(27,'18-Nov','Home','San Diego Chargers','W',2),(28,'25-Nov','Away','Kansas City Chiefs','W',2),(29,'2-Dec','Home','Tampa Bay Buccaneers','W',2),(30,'6-Dec','Away','Oakland Raiders','W',2),(31,'16-Dec','Away','Baltimore Ravens','W',2),(32,'23-Dec','Home','Cleveland Browns','W',2),(33,'30-Dec','Home','Kansas City Chiefs','W',2),(34,'12-Jan','Home','Baltimore Ravens','L',2),(35,'9-Sep','Home','Washington Redskins','L',3),(36,'16-Sep','Away','Carolina Panthers','L',3),(37,'23-Sep','Home','Kansas City Chiefs','L',3),(38,'30-Sep','Away','Green Bay Packers','L',3),(39,'7-Oct','Home','San Diego Chargers','W',3),(40,'21-Oct','Away','Tampa Bay Buccaneers','W',3),(41,'28-Oct','Away','Denver Broncos','L',3),(42,'5-Nov','Home','Philadelphia Eagles','W',3),(43,'11-Nov','Home','Atlanta Falcons','W',3),(44,'18-Nov','Away','Oakland Raiders','W',3),(45,'25-Nov','Home','San Francisco 49ers','L',3),(46,'29-Nov','Away','Atlanta Falcons','L',3),(47,'9-Dec','Away','New York Giants','L',3),(48,'16-Dec','Home','Tampa Bay Buccaneers','W',3),(49,'23-Dec','Away','Dallas Cowboys','W',3),(50,'30-Dec','Home','Carolina Panthers','L',3),(51,'9-Sep','Away','New Orleans Saints','W',4),(52,'16-Sep','Away','St. Louis Rams','L',4),(53,'23-Sep','Home','Cincinnati Bengals','L',4),(54,'30-Sep','Away','Tampa Bay Buccaneers','W',4),(55,'7-Oct','Home','Atlanta Falcons','L',4),(56,'14-Oct','Home','Minnesota Vikings','W',4),(57,'21-Oct','Away','New York Giants','L',4),(58,'28-Oct','Away','Pittsburgh Steelers','L',4),(59,'4-Nov','Home','Carolina Panthers','L',4),(60,'18-Nov','Home','Philadelphia Eagles','W',4),(61,'22-Nov','Away','Dallas Cowboys','W',4),(62,'3-Dec','Home','New York Giants','W',4),(63,'9-Dec','Home','Baltimore Ravens','W',4),(64,'16-Dec','Away','Cleveland Browns','W',4),(65,'23-Dec','Away','Philadelphia Eagles','W',4),(66,'30-Dec','Home','Dallas Cowboys','W',4),(67,'6-Jan','Home','Seattle Seahawks','L',4),(68,'9-Sep','Home','San Francisco 49ers','L',5),(69,'13-Sep','Home','Chicago Bears','W',5),(70,'24-Sep','Away','Seattle Seahawks','L',5),(71,'30-Sep','Home','New Orleans Saints','W',5),(72,'7-Oct','Away','Indianapolis Colts','L',5),(73,'14-Oct','Away','Houston Texans','W',5),(74,'21-Oct','Away','St. Louis Rams','W',5),(75,'28-Oct','Home','Jacksonville Jaguars','W',5),(76,'4-Nov','Home','Arizona Cardinals','W',5),(77,'18-Nov','Away','Detroit Lions','W',5),(78,'25-Nov','Away','New York Giants','L',5),(79,'2-Dec','Home','Minnesota Vikings','W',5),(80,'9-Dec','Home','Detroit Lions','W',5),(81,'16-Dec','Away','Chicago Bears','W',5),(82,'23-Dec','Home','Tennessee Titans','W',5),(83,'30-Dec','Away','Minnesota Vikings','L',5),(84,'5-Jan','Home','Minnesota Vikings','W',5),(85,'12-Jan','Away','San Francisco 49ers','L',5),(86,'5-Sep','Home','Dallas Cowboys','L',6),(87,'16-Sep','Home','Tampa Bay Buccaneers','W',6),(88,'20-Sep','Away','Carolina Panthers','W',6),(89,'30-Sep','Away','Philadelphia Eagles','L',6),(90,'7-Oct','Home','Cleveland Browns','W',6),(91,'14-Oct','Away','San Francisco 49ers','W',6),(92,'21-Oct','Home','Washington Redskins','W',6),(93,'28-Oct','Away','Dallas Cowboys','W',6),(94,'4-Nov','Home','Pittsburgh Steelers','L',6),(95,'11-Nov','Away','Cincinnati Bengals','L',6),(96,'25-Nov','Home','Green Bay Packers','W',6),(97,'3-Dec','Away','Washington Redskins','L',6),(98,'9-Dec','Home','New Orleans Saints','W',6),(99,'16-Dec','Away','Atlanta Falcons','L',6),(100,'23-Dec','Away','Baltimore Ravens','L',6),(101,'30-Dec','Home','Philadelphia Eagles','W',6),(102,'9-Sep','Away','Kansas City Chiefs','W',7),(103,'17-Sep','Home','Denver Broncos','W',7),(104,'23-Sep','Away','San Diego Chargers','W',7),(105,'30-Sep','Home','Carolina Panthers','W',7),(106,'7-Oct','Away','Washington Redskins','W',7),(107,'14-Oct','Home','Oakland Raiders','W',7),(108,'28-Oct','Away','Philadelphia Eagles','W',7),(109,'4-Nov','Home','Dallas Cowboys','W',7),(110,'11-Nov','Away','New Orleans Saints','L',7),(111,'18-Nov','Home','Arizona Cardinals','W',7),(112,'25-Nov','Away','Tampa Bay Buccaneers','W',7),(113,'29-Nov','Home','New Orleans Saints','W',7),(114,'9-Dec','Away','Carolina Panthers','L',7),(115,'16-Dec','Home','New York Giants','W',7),(116,'22-Dec','Away','Detroit Lions','W',7),(117,'30-Dec','Home','Tampa Bay Buccaneers','L',7),(118,'13-Jan','Home','Seattle Seahawks','W',7),(119,'20-Jan','Home','San Francisco 49ers','L',7),(120,'9-Sep','Home','Miami Dolphins','W',8),(121,'16-Sep','Away','Jacksonville Jaguars','W',8),(122,'23-Sep','Away','Denver Broncos','W',8),(123,'30-Sep','Home','Tennessee Titans','W',8),(124,'8-Oct','Away','New York Jets','W',8),(125,'14-Oct','Home','Green Bay Packers','L',8),(126,'21-Oct','Home','Baltimore Ravens','W',8),(127,'4-Nov','Home','Buffalo Bills','W',8),(128,'11-Nov','Away','Chicago Bears','W',8),(129,'18-Nov','Home','Jacksonville Jaguars','W',8),(130,'22-Nov','Away','Detroit Lions','W',8),(131,'2-Dec','Away','Tennessee Titans','W',8),(132,'10-Dec','Away','New England Patriots','L',8),(133,'16-Dec','Home','Indianapolis Colts','W',8),(134,'23-Dec','Home','Minnesota Vikings','L',8),(135,'30-Dec','Away','Indianapolis Colts','L',8),(136,'5-Jan','Home','Cincinnati Bengals','W',8),(137,'13-Jan','Away','New England Patriots','L',8),(138,'9-Sep','Away','Arizona Cardinals','L',9),(139,'16-Sep','Home','Dallas Cowboys','W',9),(140,'24-Sep','Home','Green Bay Packers','W',9),(141,'30-Sep','Away','St. Louis Rams','L',9),(142,'7-Oct','Away','Carolina Panthers','W',9),(143,'14-Oct','Home','New England Patriots','W',9),(144,'18-Oct','Away','San Francisco 49ers','L',9),(145,'28-Oct','Away','Detroit Lions','L',9),(146,'4-Nov','Home','Minnesota Vikings','W',9),(147,'11-Nov','Home','New York Jets','W',9),(148,'25-Nov','Away','Miami Dolphins','L',9),(149,'2-Dec','Away','Chicago Bears','W',9),(150,'9-Dec','Home','Arizona Cardinals','W',9),(151,'16-Dec','Away','Buffalo Bills','W',9),(152,'23-Dec','Home','San Francisco 49ers','W',9),(153,'30-Dec','Home','St. Louis Rams','W',9),(154,'6-Jan','Away','Washington Redskins','W',9),(155,'13-Jan','Away','Atlanta Falcons','L',9),(156,'10-Sep','Home','Cincinnati Bengals','W',10),(157,'16-Sep','Away','Philadelphia Eagles','L',10),(158,'23-Sep','Home','New England Patriots','W',10),(159,'27-Sep','Home','Cleveland Browns','W',10),(160,'7-Oct','Away','Kansas City Chiefs','W',10),(161,'14-Oct','Home','Dallas Cowboys','W',10),(162,'21-Oct','Away','Houston Texans','L',10),(163,'4-Nov','Away','Cleveland Browns','W',10),(164,'11-Nov','Home','Oakland Raiders','W',10),(165,'18-Nov','Away','Pittsburgh Steelers','W',10),(166,'25-Nov','Away','San Diego Chargers','W',10),(167,'2-Dec','Home','Pittsburgh Steelers','L',10),(168,'9-Dec','Away','Washington Redskins','L',10),(169,'16-Dec','Home','Denver Broncos','L',10),(170,'23-Dec','Home','New York Giants','W',10),(171,'30-Dec','Away','Cincinnati Bengals','L',10),(172,'6-Jan','Home','Indianapolis Colts','W',10),(173,'12-Jan','Away','Denver Broncos','W',10),(174,'20-Jan','Away','New England Patriots','W',10),(175,'3-Feb','Home','San Francisco 49ers','W',10),(176,'9-Sep','Away','Green Bay Packers','W',11),(177,'16-Sep','Home','Detroit Lions','W',11),(178,'23-Sep','Away','Minnesota Vikings','L',11),(179,'30-Sep','Away','New York Jets','W',11),(180,'7-Oct','Home','Buffalo Bills','W',11),(181,'14-Oct','Home','New York Giants','L',11),(182,'18-Oct','Home','Seattle Seahawks','W',11),(183,'29-Oct','Away','Arizona Cardinals','W',11),(184,'11-Nov','Home','St. Louis Rams','T',11),(185,'19-Nov','Home','Chicago Bears','W',11),(186,'25-Nov','Away','New Orleans Saints','W',11),(187,'2-Dec','Away','St. Louis Rams','L',11),(188,'9-Dec','Home','Miami Dolphins','W',11),(189,'16-Dec','Away','New England Patriots','W',11),(190,'23-Dec','Away','Seattle Seahawks','L',11),(191,'30-Dec','Home','Arizona Cardinals','W',11),(192,'12-Jan','Home','Green Bay Packers','W',11),(193,'20-Jan','Away','Atlanta Falcons','W',11),(194,'3-Feb','Home','Baltimore Ravens','L',11),(195,'10-Sep','Away','Baltimore Ravens','L',12),(196,'16-Sep','Home','Cleveland Browns','W',12),(197,'23-Sep','Away','Washington Redskins','W',12),(198,'30-Sep','Away','Jacksonville Jaguars','W',12),(199,'7-Oct','Home','Miami Dolphins','L',12),(200,'14-Oct','Away','Cleveland Browns','L',12),(201,'21-Oct','Home','Pittsburgh Steelers','L',12),(202,'4-Nov','Home','Denver Broncos','L',12),(203,'11-Nov','Home','New York Giants','W',12),(204,'18-Nov','Away','Kansas City Chiefs','W',12),(205,'25-Nov','Home','Oakland Raiders','W',12),(206,'2-Dec','Away','San Diego Chargers','W',12),(207,'9-Dec','Home','Dallas Cowboys','L',12),(208,'13-Dec','Away','Philadelphia Eagles','W',12),(209,'23-Dec','Away','Pittsburgh Steelers','W',12),(210,'30-Dec','Home','Baltimore Ravens','W',12),(211,'5-Jan','Away','Houston Texans','L',12),(212,'9-Sep','Home','Carolina Panthers','W',13),(213,'16-Sep','Away','New York Giants','L',13),(214,'23-Sep','Away','Dallas Cowboys','L',13),(215,'30-Sep','Home','Washington Redskins','L',13),(216,'14-Oct','Home','Kansas City Chiefs','W',13),(217,'21-Oct','Home','New Orleans Saints','L',13),(218,'25-Oct','Away','Minnesota Vikings','W',13),(219,'4-Nov','Away','Oakland Raiders','W',13),(220,'11-Nov','Home','San Diego Chargers','W',13),(221,'18-Nov','Away','Carolina Panthers','W',13),(222,'25-Nov','Home','Atlanta Falcons','L',13),(223,'2-Dec','Away','Denver Broncos','L',13),(224,'9-Dec','Home','Philadelphia Eagles','L',13),(225,'16-Dec','Away','New Orleans Saints','L',13),(226,'23-Dec','Home','St. Louis Rams','L',13),(227,'30-Dec','Away','Atlanta Falcons','W',13),(228,'9-Sep','Home','Jacksonville Jaguars','W',14),(229,'16-Sep','Away','Indianapolis Colts','L',14),(230,'23-Sep','Home','San Francisco 49ers','W',14),(231,'30-Sep','Away','Detroit Lions','W',14),(232,'7-Oct','Home','Tennessee Titans','W',14),(233,'14-Oct','Away','Washington Redskins','L',14),(234,'21-Oct','Home','Arizona Cardinals','W',14),(235,'25-Oct','Home','Tampa Bay Buccaneers','L',14),(236,'4-Nov','Away','Seattle Seahawks','L',14),(237,'11-Nov','Home','Detroit Lions','W',14),(238,'25-Nov','Away','Chicago Bears','L',14),(239,'2-Dec','Away','Green Bay Packers','L',14),(240,'9-Dec','Home','Chicago Bears','W',14),(241,'16-Dec','Away','St. Louis Rams','W',14),(242,'23-Dec','Away','Houston Texans','W',14),(243,'30-Dec','Home','Green Bay Packers','W',14),(244,'5-Jan','Away','Green Bay Packers','L',14),(245,'5-Sep','Away','New York Giants','W',15),(246,'16-Sep','Away','Seattle Seahawks','L',15),(247,'23-Sep','Home','Tampa Bay Buccaneers','W',15),(248,'1-Oct','Home','Chicago Bears','L',15),(249,'14-Oct','Away','Baltimore Ravens','L',15),(250,'21-Oct','Away','Carolina Panthers','W',15),(251,'28-Oct','Home','New York Giants','L',15),(252,'4-Nov','Away','Atlanta Falcons','L',15),(253,'11-Nov','Away','Philadelphia Eagles','W',15),(254,'18-Nov','Home','Cleveland Browns','W',15),(255,'22-Nov','Home','Washington Redskins','L',15),(256,'2-Dec','Home','Philadelphia Eagles','W',15),(257,'9-Dec','Away','Cincinnati Bengals','W',15),(258,'16-Dec','Home','Pittsburgh Steelers','W',15),(259,'23-Dec','Home','New Orleans Saints','L',15),(260,'30-Dec','Away','Washington Redskins','L',15);
/*!40000 ALTER TABLE `game` ENABLE KEYS */;
UNLOCK TABLES;

--
-- Table structure for table `injuries`
--

DROP TABLE IF EXISTS `injuries`;
/*!40101 SET @saved_cs_client     = @@character_set_client */;
/*!50503 SET character_set_client = utf8mb4 */;
CREATE TABLE `injuries` (
  `INJURY_ID` int DEFAULT NULL,
  `INJURY_NAME` text,
  `DOWNTIME` int DEFAULT NULL
) ENGINE=InnoDB DEFAULT CHARSET=utf8mb4 COLLATE=utf8mb4_0900_ai_ci;
/*!40101 SET character_set_client = @saved_cs_client */;

--
-- Dumping data for table `injuries`
--

LOCK TABLES `injuries` WRITE;
/*!40000 ALTER TABLE `injuries` DISABLE KEYS */;
INSERT INTO `injuries` VALUES (1,'Eversion Ankle Sprain (MINOR)',5),(2,'Eversion Ankle Sprain (MAJOR)',42),(3,'Inversion Ankle Sprain (MINOR)',5),(4,'Inversion Ankle Sprain (MAJOR)',42),(5,'Anterior Cruciate Ligament (ACL) Sprain (MINOR)',14),(6,'Anterior Cruciate Ligament (ACL) Sprain (MAJOR)',28),(7,'Anterior Cruciate Ligament (ACL)  Tear (MINOR)',180),(8,'Anterior Cruciate Ligament (ACL)  Tear (MAJOR)',365),(9,'Posterior Cruciate Ligament (PCL) Sprain (MINOR)',10),(10,'Posterior Cruciate Ligament (PCL) Sprain (MAJOR)',14),(11,'Posterior Cruciate Ligament (PCL) Tear (MINOR)',180),(12,'Posterior Cruciate Ligament (PCL) Tear (MAJOR)',270),(13,'Medial Collateral Ligament (MCL) Sprain (MINOR)',28),(14,'Medial Collateral Ligament (MCL) Sprain (MAJOR)',42),(15,'Medial Collateral Ligament (MCL) Tear (MINOR)',14),(16,'Medial Collateral Ligament (MCL) Tear (MAJOR)',365),(17,'Lateral Collateral Ligament (LCL) Sprain (MINOR)',28),(18,'Lateral Collateral Ligament (LCL) Sprain (MAJOR)',42),(19,'Lateral Collateral Ligament (LCL) Tear (MINOR)',21),(20,'Lateral Collateral Ligament (LCL) Tear (MAJOR)',84),(21,'Rotator Cuff Strain (MINOR)',14),(22,'Rotator Cuff Strain (MAJOR)',28),(23,'Labrum Tear (MINOR)',56),(24,'Labrum Tear (MINOR)',150),(25,'Achilles Tendonitis',14),(26,'Shin Splint (MINOR)',14),(27,'Shin Splint (MAJOR)',28),(28,'Metatarsal Stress Fracture (MINOR)',28),(29,'Metatarsal Stress Fracture (MAJOR)',84),(30,'Concussion (MINOR)',7),(31,'Concussion (MAJOR)',30),(32,'Acromioclavicular Joint (ACJ) Tear (MINOR)',42),(33,'Acromioclavicular Joint (ACJ) Tear (MAJOR)',180),(34,'Fractured Clavicle (MINOR)',35),(35,'Fractured Clavicle (MAJOR)',70),(36,'Fractured Finger (MINOR)',21),(37,'Fractured Finger (MAJOR)',35),(38,'Fractured Toe (MINOR)',21),(39,'Fractured Toe (MAJOR)',35),(40,'Neck Fracture (MINOR)',21),(41,'Neck Fracture (MAJOR)',42),(42,'Neck Strain (MINOR)',14),(43,'Neck Strain (MAJOR)',42),(44,'Calf Strain (MINOR)',14),(45,'Calf Strain (MAJOR)',180),(46,'Shoulder Separation',14);
/*!40000 ALTER TABLE `injuries` ENABLE KEYS */;
UNLOCK TABLES;

--
-- Table structure for table `player`
--

DROP TABLE IF EXISTS `player`;
/*!40101 SET @saved_cs_client     = @@character_set_client */;
/*!50503 SET character_set_client = utf8mb4 */;
CREATE TABLE `player` (
  `PLAYER_ID` int DEFAULT NULL,
  `PLAYER_NAME` text,
  `AWARD_NAME` text,
  `CONTRACT` text,
  `INCOME` int DEFAULT NULL,
  `YEARS_ACTIVE` int DEFAULT NULL
) ENGINE=InnoDB DEFAULT CHARSET=utf8mb4 COLLATE=utf8mb4_0900_ai_ci;
/*!40101 SET character_set_client = @saved_cs_client */;

--
-- Dumping data for table `player`
--

LOCK TABLES `player` WRITE;
/*!40000 ALTER TABLE `player` DISABLE KEYS */;
INSERT INTO `player` VALUES (1,'Mahoney','DPY','DE',911637,10),(2,'Bransen','','DE',868991,2),(3,'Elliot','','DE',826462,3),(4,'Barkley','','DE',900058,6),(5,'Rodgers','','DE',1108535,8),(6,'Brees','','DE',968736,4),(7,'Gurley','','DE',985063,3),(8,'Mack','','DE',776045,3),(9,'Roethlisberger','','DE',1040174,7),(10,'Donald','','DE',921836,5),(11,'Murray','','DE',962238,7),(12,'Fields','','DE',845557,7),(13,'Siemian','','DE',1054002,5),(14,'Blasingame','','DE',731955,5),(15,'Ebner','','DE',832855,2),(16,'Montgomery','','DE',1039831,5),(17,'Claypool','','DE',840554,9),(18,'Mooney','','DE',950786,8),(19,'Pettis','','DE',931751,6),(20,'St. Brown','','DE',747830,3),(21,'Griffin','','DE',1048510,4),(22,'Kmet','','DE',794142,3),(23,'Wesco','','DE',947993,6),(24,'Borom','','DE',1095517,1),(25,'Jenkins','','DE',933351,1),(26,'Leatherwood','','DE',960453,4),(27,'Jones','','DE',1077599,6),(28,'Blackson','','DE',947877,6),(29,'Jackson','','DE',1080449,9),(31,'Adams','','DE',887236,7),(32,'Autry','','DE',897300,9),(33,'Avery','','DE',821300,1),(34,'Brewer','','DE',1082445,3),(35,'Bullock','','DE',1016066,11),(36,'Burks','','DE',1062781,1),(37,'Byard','','DE',828636,7),(38,'Carter','','DE',734453,2),(39,'Cole','','DE',780374,7),(40,'Clark','','DE',951360,6),(41,'Conley','DPY','DE',1085740,8),(42,'Cox','','DE',856310,13),(43,'Daley','','DE',1062239,4),(44,'Davis','','DE',1067842,4),(45,'Dupree','','DE',68988219,8),(46,'Herrera','','DE',34606355,5),(47,'Newman','','DE',138412523,1),(48,'Warren','','DE',74701219,3),(49,'Dennis','','DE',61134519,5),(50,'Vaughn','','DE',1569756,5),(51,'Sellers','','DE',52864808,6),(52,'Johnston','','DE',24635073,3),(53,'Whitney','','DE',96786277,6),(54,'Bailey','','DE',150531812,4),(55,'Lee','','DE',91553937,4),(56,'Clayton','','DE',93590563,3),(57,'King','','DE',56129084,1),(58,'Nicholson','','DE',77072373,3),(59,'Cabrera','','DE',141929207,1),(60,'Wiley','','DE',145840386,2),(61,'Sanchez','','DE',73412883,1),(62,'Estrada','','DE',7722402,3),(63,'Richards','','DE',132084851,5),(64,'Malone','','DE',145445701,2),(65,'Calhoun','','DE',135399951,3),(66,'Smith','','DE',97432169,1),(67,'Horton','','DE',3461320,3),(68,'Wagner','','DE',1028366,2),(69,'Wilson','','DE',22044485,5),(70,'Pitts','','DE',27106030,2),(71,'Aguirre','','DE',49855906,1),(72,'Davis','','DE',6771451,5),(73,'French','','DE',55262800,4),(74,'Hale','','DE',62280053,5),(75,'Martinez','','DE',46151877,2),(76,'Roberts','','DE',44753514,2),(77,'Fisher','','DE',20868047,2),(78,'Harris','','DE',59461262,1),(79,'Chambers','','DE',16394503,2),(80,'Williams','','DE',22838878,5),(81,'Harvey','','DE',63822320,5),(82,'Smith','','DE',45299470,5),(83,'Gonzales','','DE',60463181,1),(84,'Russell','','DE',4758311,5),(85,'Trujillo','','DE',48813397,5),(86,'Gomez','','DE',60423614,2),(87,'Ferguson','','DE',53893326,4),(88,'Yu','','DE',23121165,1),(89,'Miller','','DE',9500367,4),(90,'Lambert','','DE',10945493,1),(91,'Vargas','MVP','DE',28281406,2),(92,'Hernandez','','DE',19870310,3),(93,'Ortiz','','DE',12837648,1),(94,'Zuniga','','DE',16740246,3),(95,'Chavez','','DE',94682023,5),(96,'King','','DE',88003011,5),(97,'Mendez','','DE',79030748,4),(98,'Diaz','','DE',21752523,5),(99,'Wheeler','','DE',64086204,4),(100,'Jones','','DE',72717876,1),(101,'Smith','','DE',87801502,5),(102,'Wilcox','','DE',16415950,3),(103,'Nelson','','DE',42234765,4),(104,'Wilkerson','','DE',23319746,5),(105,'Edwards','','DE',43492860,1),(106,'Montoya','','DE',89497202,4),(107,'Mckenzie','','DE',69684261,4),(108,'Gonzalez','','DE',19024021,1),(109,'Hansen','','DE',36975200,3),(110,'Munoz','','DE',116433801,5),(111,'Pearson','','DE',47175671,3),(112,'Lawrence','','DE',7568632,2),(113,'Herrera','','DE',78190146,3),(114,'Walters','','DE',36907170,2),(115,'Carpenter','','DE',117019243,5),(116,'Wallace','','DE',114505839,3),(117,'Dunlap','','DE',14643210,1),(118,'Sanchez','','DE',60138695,4),(119,'Ingram','','DE',61707014,1),(120,'Nelson','','DE',47537568,2),(121,'Wade','','DE',90221356,1),(122,'Blair','','DE',23062283,4),(123,'Anderson','','DE',6927436,3),(124,'Davis','','DE',115013806,5),(125,'Russell','','DE',48695164,4),(126,'Miller','','DE',97836412,2),(127,'Ward','','DE',11752255,3),(128,'Wilkerson','','DE',37804398,1),(129,'Medina','','DE',30020811,3),(130,'Long','','DE',4204201,1),(131,'Powell','','DE',14112507,1),(132,'Garcia','','DE',25966520,5),(133,'Calhoun','','DE',86590882,4),(134,'Davis','','DE',71361204,5),(135,'Espinoza','','DE',67564890,2),(136,'Spears','','DE',1838725,3),(137,'Cruz','','DE',28879370,2),(138,'Thomas','','DE',10272077,3),(139,'Gordon','','DE',113474204,1),(140,'Bryan','','DE',25334562,3),(141,'Best','','DE',56520236,3),(142,'Cooper','DPY','DE',16636304,5),(143,'Ibarra','','DE',37510002,1),(144,'White','','DE',59359060,3),(145,'Williams','','DE',96145178,4),(146,'Peterson','','DE',88221506,3),(147,'Bradford','','DE',57207318,1),(148,'Watkins','DPY','DE',66816879,5),(149,'Barker','','DE',25965617,1),(150,'Craig','','DE',9385503,1),(151,'Williams','','DE',13819065,5),(152,'Meyer','','DE',80193929,1),(153,'Perez','','DE',65517701,4),(154,'Lozano','','DE',33039910,5),(155,'Jones','','DE',21058423,5),(156,'Baxter','','DE',48327325,1),(157,'Charles','','DE',45149905,2),(158,'Lee','DRY','DE',64256149,4),(159,'Mcmillan','','DE',112815138,3),(160,'Fernandez','','DE',32233819,4),(161,'Leonard','','DE',119292027,1),(162,'Mitchell','','DE',92452153,4),(163,'Parker','','DE',109529528,1),(164,'Meyer','','DE',78445136,4),(165,'Rasmussen','','DE',33525689,5),(166,'Robinson','','DE',64165542,4),(167,'Lang','','DE',12250026,1),(168,'Cunningham','','DE',87698064,3),(169,'Singleton','','DE',4482743,2),(170,'Davis','','DE',104783282,4),(171,'Russo','','DE',65682158,5),(172,'Delacruz','','DE',96448628,4),(173,'Rodriguez','','DE',116849678,1),(174,'Lane','','DE',73217258,1),(175,'Brown','','DE',791225,5),(176,'Durham','','DE',90362765,3),(177,'Olson','','DE',75804760,5),(178,'Miller','','DE',16174108,5),(179,'Hoover','','DE',106278975,1),(180,'Freeman','','DE',8286593,5),(181,'Lee','','DE',61063084,5),(182,'Rollins','','DE',104193666,2),(183,'Morrison','','DE',63644782,4),(184,'Walker','','DE',96388721,4),(185,'Green','','DE',32230038,5),(186,'Garcia','','DE',33121180,5),(187,'Silva','','DE',21530651,1),(188,'Cruz','','DE',7368374,2),(189,'Gibson','','DE',78475866,3),(190,'Myers','','DE',62856980,3),(191,'Allen','','DE',75543700,4),(192,'Massey','','DE',34560016,2),(193,'Mora','','DE',90232561,2),(194,'Clark','','DE',78892082,5),(195,'Wood','','DE',109042758,4),(196,'Perez','','DE',43521598,2),(197,'Mueller','','DE',55752399,1),(198,'Carter','','DE',40863117,1),(199,'Shepard','','DE',14947082,4),(200,'Garcia','','DE',41922611,4),(201,'Johnson','','DE',44362153,4),(202,'Rowe','','DE',3985887,1),(203,'Briggs','','DE',834770,5),(204,'Collins','','DE',43360833,2),(205,'Anderson','','DE',18480669,2),(206,'Frazier','','DE',31014401,5),(207,'Goodwin','','DE',30770616,4),(208,'Powers','','DE',44112471,3),(209,'Fisher','','DE',37422159,3),(210,'Miller','DPY','DE',51727082,4),(211,'Williams','','DE',21860844,1),(212,'Elliott','','DE',42455831,4),(213,'King','','DE',44377467,1),(214,'Taylor','','DE',19361039,4),(215,'Kelley','','DE',36977718,5),(216,'Williams','','DE',47414618,2),(217,'Clark','','DE',27168532,5),(218,'Bradley','','DE',14783048,1),(219,'Garza','','DE',8388965,4),(220,'Allen','','DE',10738875,2),(221,'Hardy','','DE',10520580,4),(222,'Cooper','','DE',6968341,5),(223,'Richardson','','DE',24601863,3),(224,'James','','DE',15073054,5),(225,'Anderson','','DE',3240112,1),(226,'Mclean','','DE',28471084,1),(227,'Johnson','','DE',41498901,4),(228,'Torres','','DE',9879597,1),(229,'Mitchell','DPY','DE',42337233,3),(230,'Shah','','DE',12581518,4),(231,'Williams','','DE',28294878,1),(232,'Ray','','DE',49364544,4),(233,'Clay','','DE',29518740,1),(234,'Melendez','','DE',47402624,3),(235,'Thompson','','DE',1339902,5),(236,'Sutton','','DE',29215864,1),(237,'Cantrell','','DE',13763313,3),(238,'Nelson','','DE',6923604,2),(239,'Hernandez','','DE',35577856,3),(240,'Hernandez','','DE',19560423,3),(241,'Warren','','DE',1338085,2),(242,'Daniels','','DE',2324460,1),(243,'Delgado','','DE',8506604,2),(244,'Hawkins','','DE',27285267,1),(245,'Sanchez','','DE',8282748,4),(246,'Acevedo','','DE',10316503,2),(247,'Little','','DE',47967439,3),(248,'Jimenez','','DE',37799129,4),(249,'Berger','','DE',22536286,2),(250,'Carter','','DE',37822190,1),(251,'Moreno','','DE',30150639,1),(252,'Sanchez','','DE',26594305,1),(253,'Martinez','','DE',2072039,3),(254,'Stark','','DE',14981339,3),(255,'Hall','','DE',10306668,1),(256,'Jackson','','DE',28099488,4),(257,'Johnson','','DE',28696260,1),(258,'Wiggins','','DE',38703871,3),(259,'White','','DE',26277118,4),(260,'Roberson','','DE',50018184,1),(261,'Thomas','','DE',51462489,3),(262,'Ramsey','','DE',33061660,2),(263,'Lutz','','DE',41119634,1),(264,'Smith','','DE',33141489,3),(265,'Wright','','DE',39977082,1),(266,'Williams','','DE',35281447,1),(267,'Sullivan','','DE',51299373,5),(268,'Allen','','DE',1233397,4),(269,'Riley','','DE',16053041,2),(270,'Hernandez','','DE',11332891,4),(271,'Garrett','','DE',28332375,2),(272,'Wilson','','DE',29718303,5),(273,'Cox','','DE',44389980,2),(274,'Jensen','','DE',10866324,4),(275,'Miller','','DE',22896549,4),(276,'Nelson','','DE',34625930,4),(277,'Simmons','','DE',8142704,3),(278,'Smith','','DE',45093390,2),(279,'Wood','','DE',15588869,1),(280,'Wallace','','DE',5502277,5),(281,'Nelson','','DE',25820485,2),(282,'Owen','','DE',3475508,2),(283,'Hall','','DE',1738035,5),(284,'Mathis','','DE',6070117,1),(285,'Hess','','DE',5744651,4),(286,'Campos','','DE',51881101,2),(287,'Jacobson','','DE',16963770,1),(288,'Jimenez','','DE',3847179,4),(289,'Avila','','DE',57926288,4),(290,'Gutierrez','','DE',53410522,2),(291,'Johnson','','DE',53188055,5),(292,'Jones','','DE',18788248,4),(293,'Gordon','','DE',4181968,2),(294,'Moore','','DE',61202453,5),(295,'Butler','','DE',8295663,5),(296,'Hester','','DE',83718741,4),(297,'Thomas','','DE',41208894,5),(298,'Davis','','DE',55093433,3),(299,'Zimmerman','','DE',46181210,1),(300,'Rogers','','DE',19887599,5),(301,'Ayala','','DE',53497950,1),(302,'Morrow','','DE',7160215,3),(303,'Sullivan','','DE',32207485,2),(304,'Massey','','DLM',93763080,3),(305,'Cross','','DLM',11883636,3),(306,'Smith','','DLM',59002069,4),(307,'Graham','','DLM',8687220,2),(308,'Henry','','DLM',52400033,4),(309,'Hudson','','DLM',75341400,5),(310,'Roth','DPY','DLM',24867284,2),(311,'Patel','','DLM',95721118,3),(312,'White','','DLM',59792246,4),(313,'Murray','','DLM',12136461,3),(314,'Perez','','DLM',90078441,4),(315,'Estes','','DLM',5500892,1),(316,'Houston','','DLM',18037243,5),(317,'Guerrero','','DLM',95615856,2),(318,'Alvarez','','DLM',1020652,3),(319,'Chambers','','DLM',96196964,2),(320,'Parrish','','DLM',86672608,1),(321,'Cox','','DLM',88979980,5),(322,'Jackson','','DLM',44016648,1),(323,'Neal','','DLM',50301819,4),(324,'Griffin','','DLM',75994479,3),(325,'Bird','','DLM',55401360,3),(326,'Sutton','','DLM',23752852,2),(327,'Hawkins','','DLM',94212336,2),(328,'Martin','','DLM',75582451,1),(329,'Johnson','','DLM',86453044,1),(330,'Burns','','DLM',66320167,5),(331,'Mayer','','DLM',32477224,2),(332,'Walker','','DLM',76430881,3),(333,'Murphy','','DLM',80203786,1),(334,'Blankenship','','DLM',34571031,2),(335,'Ramos','','DLM',78195687,1),(336,'Bowman','','DLM',31451063,4),(337,'Arnold','','DLM',98213827,5),(338,'Branch','','DLM',33334247,5),(339,'King','','DLM',5944984,3),(340,'Daniel','','DLM',42579295,2),(341,'Robinson','','DLM',88430653,4),(342,'Murray','','DLM',92404235,5),(343,'Davis','','DLM',29620338,2),(344,'Ellis','','DLM',40661911,2),(345,'Jenkins','DRY','DLM',14476526,5),(346,'Brown','','DLM',59062770,3),(347,'Kennedy','','DLM',26452158,4),(348,'Alexander','','DLM',48306033,5),(349,'Wilson','','DLM',10784335,2),(350,'Tran','','DLM',14732802,3),(351,'Cooper','','DLM',3717260,5),(352,'Brown','','DLM',46200597,3),(353,'Bowers','','DLM',75469470,4),(354,'Green','','DLM',59090113,4),(355,'Jenkins','','DLM',87168061,4),(356,'Wolfe','','DLM',6486370,4),(357,'Hamilton','','DLM',47881333,1),(358,'Medina','','DLM',40521677,4),(359,'Rodriguez','','DLM',74375216,5),(360,'Gomez','','DLM',60069243,1),(361,'Salazar','','DLM',25414278,1),(362,'Gardner','','DLM',49205827,5),(363,'Carpenter','','DLM',79556537,2),(364,'Phelps','','DLM',41171872,5),(365,'Choi','','DLM',97918125,5),(366,'Ramirez','','DLM',27117525,5),(367,'Dougherty','','DLM',69428653,2),(368,'Hanson','','DLM',35287954,5),(369,'Johnson','','DLM',10004199,5),(370,'Costa','','DLM',11279991,4),(371,'Robles','','DLM',71060845,2),(372,'Torres','','DLM',7950507,4),(373,'White','','DLM',19956104,4),(374,'Williams','','DLM',32918217,3),(375,'Jackson','','DLM',92484484,5),(376,'Eaton','','DLM',7610146,1),(377,'Hanson','','DLM',26881155,2),(378,'Evans','','DLM',914058,4),(379,'Johnson','','DLM',1124857,2),(380,'Lang','','DLM',81697226,5),(381,'Cain','','DLM',31352731,3),(382,'Rodriguez','','DLM',52397819,1),(383,'Jensen','','DLM',21287700,3),(384,'Bennett','','DLM',58477909,5),(385,'Potter','','DLM',98028220,2),(386,'Lee','','DLM',48690813,2),(387,'Mueller','','DLM',63096298,4),(388,'Dennis','','DLM',72500525,4),(389,'Harris','','DLM',74624196,3),(390,'Taylor','','DLM',91856537,1),(391,'Brown','','DLM',31285380,2),(392,'Gutierrez','','DLM',87302693,2),(393,'Ross','','DLM',5214980,2),(394,'Hayes','','DLM',87687273,2),(395,'Garcia','','DLM',6299193,5),(396,'Young','','DLM',65288371,3),(397,'Jones','','DLM',17518050,6),(398,'Adams','','DLM',48167036,2),(399,'Hernandez','','DLM',24875848,5),(400,'Horton','','DLM',39881715,2),(401,'Nelson','','DLM',92575550,5),(402,'Cox','','DLM',77810505,4),(403,'Dunlap','','DLM',7243583,4),(404,'Miller','','DLM',49494091,4),(405,'Carter','','DLM',43702757,3),(406,'Ortega','','DLM',41363060,3),(407,'Barrera','','DLM',8553494,4),(408,'Curtis','','DLM',67569551,5),(409,'Turner','','DLM',24099524,1),(410,'Chavez','','DLM',87025123,5),(411,'Mitchell','','DLM',1870983,5),(412,'Rowe','','DLM',67532931,1),(413,'Lewis','','DLM',18134642,2),(414,'Sexton','','DLM',76875329,1),(415,'Perry','','DLM',39581837,1),(416,'Rodriguez','','DLM',37313691,5),(417,'Wallace','','DLM',75316277,1),(418,'Sandoval','','DLM',28483489,5),(419,'Johnson','','DLM',49048667,4),(420,'Rose','','DLM',33177110,5),(421,'Hansen','','DLM',49913472,2),(422,'Reed','','DLM',80103110,5),(423,'Huff','','DLM',97238691,2),(424,'Chandler','','DLM',96094876,4),(425,'Mann','','DLM',685859,1),(426,'Jacobson','','DLM',66775932,4),(427,'Wilson','','DLM',42530513,4),(428,'Wolf','','DLM',78154335,1),(429,'Maldonado','','DLM',38067682,2),(430,'Santiago','','DLM',2069883,5),(431,'Williams','','DLM',52391405,1),(432,'Schmidt','','DLM',50516663,4),(433,'Mcgee','','DLM',95269128,5),(434,'Frazier','','DLM',85003624,3),(435,'Allen','','DLM',59318272,2),(436,'Lawson','','DLM',78496565,1),(437,'Green','','DLM',95773075,4),(438,'Phillips','','DLM',42933895,5),(439,'Simpson','','DLM',14644748,5),(440,'Robertson','','DLM',85329832,5),(441,'Figueroa','','DLM',83491137,1),(442,'Becker','','DLM',50244390,2),(443,'Edwards','','DLM',49763361,3),(444,'Phillips','','DLM',77357932,1),(445,'Clark','','DLM',66758833,5),(446,'Newton','','DLM',49201568,2),(447,'Blankenship','','DLM',79359339,1),(448,'Kelly','','DLM',34406096,4),(449,'Smith','','DLM',53752593,3),(450,'Miller','','DLM',3434440,3),(451,'Jones','','DLM',78410166,4),(452,'Rodgers','','DLM',34971464,3),(453,'Smith','','DLM',1622338,3),(454,'Evans','','DLM',90920013,3),(455,'Lewis','','DLM',16549555,4),(456,'Hodge','','DLM',73065897,1),(457,'Mckinney','','DLM',86376196,4),(458,'Miller','','DLM',40183574,4),(459,'Long','','DLM',76742031,5),(460,'Bartlett','','DLM',28197042,1),(461,'Morris','','DLM',29992569,2),(462,'Miller','','DLM',24435961,5),(463,'Williams','','DLM',26300525,4),(464,'Johnson','','DLM',95792227,1),(465,'Jones','','DLM',26777712,4),(466,'Cervantes','','DLM',5867054,4),(467,'Jones','','DLM',69421241,3),(468,'Oliver','','DLM',52607231,2),(469,'Wilkins','','DLM',22600042,4),(470,'Stewart','','DLM',38942576,2),(471,'Jackson','','DLM',78996279,5),(472,'Berry','','DLM',83408307,3),(473,'Mills','','DLM',3346744,5),(474,'Zavala','','DLM',36731323,3),(475,'James','','DLM',78842927,5),(476,'Torres','','DLM',91438786,4),(477,'Castillo','','DLM',88395565,1),(478,'Ramos','','DLM',40523516,5),(479,'Allen','','DLM',45687190,1),(480,'Pope','','DLM',48678125,1),(481,'Gibson','','DLM',26521547,5),(482,'Williams','','DLM',23167497,4),(483,'Pacheco','','DLM',67080428,2),(484,'Cole','','DLM',36015146,2),(485,'Petersen','','DLM',98476356,3),(486,'Massey','','DLM',87111274,1),(487,'Joyce','','DLM',6628189,3),(488,'Blankenship','','DLM',23966737,4),(489,'Fitzpatrick','','DLM',39964570,5),(490,'Nunez','','DLM',56971902,4),(491,'Buchanan','','DLM',36654571,2),(492,'Robinson','','DLM',74014812,5),(493,'Norris','','DLM',10302962,4),(494,'Brooks','','DLM',85213956,1),(495,'Young','','DLM',35107690,1),(496,'Stewart','','DLM',47608466,3),(497,'Estrada','','DLM',62409625,5),(498,'Miller','','DLM',90370916,4),(499,'Smith','','DLM',59510455,3),(500,'Howell','','DLM',13493454,5),(501,'Cox','','DLM',53748528,1),(502,'Miller','','DLM',20491106,5),(503,'Molina','','DLM',27182314,3),(504,'Buchanan','','DLM',72147948,1),(505,'Marshall','','DLM',96208868,5),(506,'Copeland','','DLM',36810253,3),(507,'Tran','','DLM',34459317,5),(508,'Smith','','DLM',34782183,3),(509,'Mcbride','','DLM',56760405,4),(510,'Perez','','DLM',40567590,3),(511,'Boyd','','DLM',77842309,5),(512,'Cabrera','','DLM',53063876,4),(513,'Henderson','','DLM',59571439,4),(514,'Anderson','','DLM',44841285,1),(515,'Nelson','','DLM',7663768,5),(516,'Black','','DLM',27314960,5),(517,'Mcintyre','','DLM',75509344,1),(518,'Hernandez','','DLM',39898269,3),(519,'Cox','','DLM',45247929,5),(520,'Owens','','DLM',85266342,3),(521,'Sanchez','','DLM',1905359,4),(522,'Lutz','','DLM',25471336,4),(523,'Torres','','DLM',406141,4),(524,'Wilson','','DLM',52042566,1),(525,'Peterson','','DLM',67695358,3),(526,'Ray','','DLM',25813058,1),(527,'Peterson','','DLM',12732307,1),(528,'Ford','','DLM',45317452,1),(529,'Ward','','DLM',90846486,1),(530,'Andrews','','DLM',59456836,3),(531,'Huber','','DLM',17500285,3),(532,'Lawrence','','DLM',2486372,1),(533,'Montes','','DLM',16097874,1),(534,'Walker','','DLM',39874138,1),(535,'Jordan','','DLM',29228960,2),(536,'Page','','DLM',73798545,3),(537,'Cochran','','DLM',15749249,4),(538,'Lopez','','DLM',2961368,2),(539,'Gonzalez','','DLM',436315,3),(540,'Garcia','','DLM',77946661,5),(541,'Benjamin','','DLM',42125184,2),(542,'Simpson','','DLM',68921378,3),(543,'Schneider','','DLM',4078132,4),(544,'Good','','DLM',75750078,3),(545,'Frazier','','DLM',44489118,1),(546,'Collier','','DLM',70979768,4),(547,'Williams','','DLM',74128056,4),(548,'French','','DLM',77298690,4),(549,'Lane','','DLM',45594905,1),(550,'Hahn','','DLM',47886944,3),(551,'Bishop','','DLM',44469452,4),(552,'Ware','','DLM',62075202,1),(553,'Thomas','','DLM',11877228,2),(554,'Murray','','DLM',44508705,2),(555,'Sanchez','','DLM',25989482,3),(556,'Spencer','','DLM',38059909,2),(557,'White','','DLM',12496564,5),(558,'Anderson','','DLM',95072393,5),(559,'Shea','','DLM',92843933,4),(560,'Thomas','','DLM',55180552,3),(561,'Miller','','DLM',23883915,1),(562,'Estrada','','DLM',31018973,4),(563,'Chavez','','DLM',78800194,2),(564,'Watson','','DLM',11342385,1),(565,'Powell','','DLM',2232180,1),(566,'Lyons','','DLM',64849094,1),(567,'King','','DLM',44785292,2),(568,'Howard','','DLM',15532194,5),(569,'Williams','','DLM',12692227,3),(570,'Butler','','DLM',74694743,5),(571,'Gibson','','DLM',78908910,5),(572,'Smith','','DLM',71450632,5),(573,'Wagner','','DLM',44691455,3),(574,'Perry','','DLM',33633419,4),(575,'Campbell','','DLM',31263712,4),(576,'Doyle','','DLM',83253589,2),(577,'Kemp','','DLM',8982635,2),(578,'Underwood','','DLM',49914895,4),(579,'Phillips','','DLM',80577801,4),(580,'Harding','','DLM',80202693,5),(581,'Elliott','','DLM',75537945,5),(582,'Molina','DPY','DLM',43352789,4),(583,'Reed','','K',44814243,3),(584,'Parker','','K',54319910,3),(585,'Evans','','K',16008805,5),(586,'Taylor','','K',52838211,4),(587,'Pitts','','K',19839476,3),(588,'Conway','','K',29474596,4),(589,'Sanchez','','K',35777075,15),(590,'Garner','','K',31891743,9),(591,'Watson','','K',90238563,5),(592,'Ortiz','','K',52484927,4),(593,'Ford','','K',59189010,7),(594,'Velazquez','','K',38276355,4),(595,'Fitzgerald','','K',5961010,3),(596,'Johnson','','K',52409777,14),(597,'Wagner','','K',97813560,4),(598,'Williams','','K',86596638,5),(599,'Hall','','K',2682512,8),(600,'Flynn','','K',57646181,4),(601,'Cruz','','K',49892731,10),(602,'Anderson','','K',35628674,4),(603,'Norris','','K',31549429,3),(604,'Boyer','','K',73414169,3),(605,'Johnson','','K',98427234,8),(606,'Schultz','','K',41828218,5),(607,'Brown','','K',83719348,4),(608,'Navarro','','K',23779124,12),(609,'Wilson','','K',61787959,4),(610,'Mosley','','K',25176399,5),(611,'Anderson','','K',36340305,6),(612,'Peterson','','K',75608861,5),(613,'Morton','','K',31584446,5),(614,'Chandler','','K',7203899,4),(615,'Andrews','','K',89020283,12),(616,'Diaz','','K',25487614,5),(617,'Townsend','','K',57719535,5),(618,'Fields','','K',77974837,5),(619,'Alvarado','','K',63257278,10),(620,'Jordan','','K',42051896,5),(621,'Wiley','','K',20357337,3),(622,'Sharp','','K',62775946,3),(623,'Alvarez','','K',56205330,8),(624,'Rios','','K',63073217,4),(625,'Allen','','K',14412497,5),(626,'Holmes','','K',3404361,3),(627,'Harris','','LB',42657492,1),(628,'Perkins','','LB',80574648,2),(629,'Davis','','LB',29562196,5),(630,'Frank','','LB',96951019,2),(631,'Richard','','LB',30860428,4),(632,'Jennings','','LB',77780946,1),(633,'Armstrong','','LB',10875569,5),(634,'Cunningham','','LB',14649506,5),(635,'Stewart','','LB',29504490,2),(636,'Brown','','LB',56840013,3),(637,'Holt','','LB',9107360,5),(638,'Nelson','','LB',96156829,2),(639,'Jones','','LB',18173863,2),(640,'Crosby','','LB',40621521,1),(641,'Arnold','','LB',73878966,2),(642,'Black','','LB',93221792,3),(643,'Jackson','','LB',31830399,5),(644,'Trujillo','','LB',70348223,4),(645,'Berry','','LB',41015499,3),(646,'Williams','','LB',36853104,2),(647,'Sanders','','LB',22238719,5),(648,'Soto','','LB',23535926,1),(649,'Bell','','LB',85078549,1),(650,'Larson','','LB',68430967,5),(651,'Buck','','LB',96925420,3),(652,'Garcia','','LB',49889892,5),(653,'Anderson','','LB',55907973,1),(654,'Barry','','LB',97865750,3),(655,'Hendricks','','LB',12774317,4),(656,'Price','','LB',63040613,5),(657,'Robinson','','LB',43972372,1),(658,'Carter','','LB',16993703,2),(659,'Hamilton','','LB',5824107,3),(660,'Phillips','','LB',91298572,5),(661,'Franco','','LB',91671093,3),(662,'Anderson','','LB',57587627,4),(663,'Jacobs','','LB',54637419,4),(664,'Fernandez','','LB',34515367,2),(665,'Griffith','','LB',47060634,4),(666,'Knight','','LB',79389312,5),(667,'Graham','','LB',58001894,4),(668,'Hansen','','LB',4449845,2),(669,'Steele','','LB',66947010,3),(670,'Decker','','LB',78154852,4),(671,'Perez','','LB',40666706,5),(672,'Hayes','','LB',61623691,5),(673,'Thomas','','LB',64853546,1),(674,'Adams','','LB',33677097,5),(675,'Farmer','','LB',44724190,4),(676,'Jones','','LB',36343120,5),(677,'Scott','','LB',71738350,1),(678,'Snow','','LB',74599486,3),(679,'Williams','','LB',92631805,1),(680,'Wright','','LB',85823956,5),(681,'Ford','','LB',29418012,4),(682,'Scott','','LB',82129048,3),(683,'Washington','','LB',61159739,4),(684,'Cole','','LB',60989062,3),(685,'Stewart','','LB',66747860,5),(686,'Alvarado','','LB',54753876,3),(687,'Larson','','LB',7543517,2),(688,'Herring','','LB',7372880,2),(689,'Walsh','','LB',89462623,2),(690,'Simpson','','LB',21783366,2),(691,'Gallagher','','LB',72341018,2),(692,'Williams','','LB',39953181,2),(693,'Martin','','LB',76332661,4),(694,'Klein','','LB',95342484,1),(695,'Brady','','LB',84897763,4),(696,'White','','LB',96676414,2),(697,'Rogers','','LB',38100736,2),(698,'Wilson','','LB',90025643,3),(699,'Davis','','LB',80995538,2),(700,'Rose','','LB',88836961,3),(701,'Byrd','','LB',33633123,2),(702,'Baker','','LB',90861799,4),(703,'Johnson','','LB',44078933,3),(704,'Edwards','','LB',3992444,3),(705,'Price','','LB',29859880,1),(706,'Powell','','LB',42312852,3),(707,'Hill','','LB',84672189,1),(708,'Jackson','','LB',45567976,1),(709,'Lee','','LB',23136771,2),(710,'Jones','','LB',82302564,5),(711,'Thomas','','LB',43840884,5),(712,'Jackson','','LB',29414780,2),(713,'Stanton','','LB',63534228,3),(714,'May','','LB',19950366,5),(715,'Martin','','LB',13596098,1),(716,'Owens','','LB',30513996,4),(717,'White','','LB',49532607,4),(718,'Hansen','','LB',86206379,1),(719,'Rogers','','LB',72974253,3),(720,'Mitchell','','LB',67482150,2),(721,'Lester','','LB',41469195,2),(722,'Morse','','LB',21416501,2),(723,'Wilson','','LB',17997133,4),(724,'Juarez','','LB',85749855,3),(725,'Garcia','','LB',10009034,1),(726,'Jimenez','','LB',56888168,2),(727,'Lane','','LB',67001323,1),(728,'Rosario','','LB',5883341,2),(729,'Robertson','RPY','LB',26228164,7),(730,'Murillo','','LB',17090963,3),(731,'Evans','','LB',71848189,2),(732,'Johnson','','LB',21763533,4),(733,'Kline','','LB',84308747,2),(734,'Wilson','','LB',76086454,2),(735,'Padilla','','LB',28868746,4),(736,'Davidson','','LB',79876494,1),(737,'Fields','','LB',46681743,2),(738,'Wilcox','','LB',50381434,3),(739,'Mendez','','LB',4331209,1),(740,'Castillo','','LB',7844053,1),(741,'Williams','','LB',80291591,4),(742,'Fisher','','LB',18839945,3),(743,'Gordon','','LB',23288253,3),(744,'Baker','','LB',86927037,2),(745,'Dennis','','LB',539302,5),(746,'Howell','','LB',26753171,4),(747,'Walsh','','LB',75168928,2),(748,'Walker','RPY','LB',87556066,3),(749,'Green','','LB',92372667,1),(750,'Evans','','LB',758714,4),(751,'Cross','','LB',11919654,5),(752,'Vasquez','','LB',61498508,3),(753,'Mills','','LB',53737020,3),(754,'Hamilton','DRY','LB',85478413,1),(755,'Vasquez','','LB',89850869,4),(756,'Gray','','LB',85079724,5),(757,'Holland','','LB',35383453,4),(758,'Beck','','LB',57944975,1),(759,'Jones','','LB',85210609,2),(760,'Hernandez','','LB',72013748,5),(761,'Sherman','','LB',61428155,2),(762,'Harris','','LB',32742468,4),(763,'Lopez','','LB',62220907,5),(764,'Barton','','LB',39739353,2),(765,'Charles','','LB',18210665,2),(766,'Giles','','LB',49560092,3),(767,'Mills','','LB',4719878,3),(768,'Floyd','','LB',59036594,2),(769,'White','','LB',50466511,1),(770,'Travis','','LB',43735057,3),(771,'Crawford','','LB',61309088,5),(772,'Bradley','','LB',62185436,2),(773,'Price','','LB',7773231,3),(774,'Lewis','','LB',13570650,2),(775,'Wilson','','LB',29264289,3),(776,'Lopez','','LB',35538987,2),(777,'Murphy','','LB',46628555,5),(778,'Jimenez','','LB',86021461,4),(779,'Ward','','LB',16817206,5),(780,'Caldwell','','LB',13693723,3),(781,'Kramer','','LB',78854171,4),(782,'Phillips','','LB',29122150,5),(783,'Stark','','LB',40093480,4),(784,'Turner','','LB',77595761,1),(785,'Bailey','','LB',25350116,5),(786,'Gonzalez','','LB',25452755,5),(787,'Garza','','LB',56248744,2),(788,'Gardner','','LB',33523340,2),(789,'Davis','','LB',32999143,5),(790,'Branch','','LB',20719514,3),(791,'Clark','','LB',37560287,1),(792,'Wilson','','LB',44338230,4),(793,'Davis','','LB',80955357,1),(794,'Gutierrez','','LB',71412162,5),(795,'Mason','','LB',48198628,3),(796,'Estes','','LB',74181481,2),(797,'Goodman','','LB',3402028,5),(798,'Long','','LB',85132258,5),(799,'Hicks','','LB',96227162,3),(800,'Morris','','LB',8821061,1),(801,'Green','','LB',9994852,3),(802,'Mueller','','LB',32006128,2),(803,'Rice','','LB',21279881,1),(804,'Allen','','LB',72435370,1),(805,'Hull','','LB',5044943,5),(806,'Mercer','','LB',26788489,3),(807,'Johnson','','LB',77283052,4),(808,'French','','LB',92841528,3),(809,'Brown','','LB',49128551,4),(810,'Miller','','LB',3500420,3),(811,'Morris','','LB',87475006,5),(812,'Anderson','','LB',21385935,5),(813,'Bowman','','LB',27718707,3),(814,'Collins','','LB',23322193,5),(815,'Bowman','','LB',16274829,4),(816,'Lester','','LB',63716220,3),(817,'Carlson','','LB',80467911,1),(818,'Norton','','LB',7347887,2),(819,'Kelley','','LB',96991375,1),(820,'Wilcox','','LB',47332056,3),(821,'Jarvis','','LB',43351943,2),(822,'Mendoza','','LB',85846132,1),(823,'Vaughn','','LB',97447778,1),(824,'Washington','','LB',865865,5),(825,'Wang','','LB',11226067,1),(826,'Harris','','LB',24637592,1),(827,'Douglas','','LB',59933989,2),(828,'Hines','','LB',95020795,2),(829,'Gomez','','LB',36143844,3),(830,'Sexton','','LB',58258169,4),(831,'Robertson','','LB',21806841,1),(832,'Villanueva','','LB',82718285,2),(833,'Hurley','','LB',46567177,1),(834,'Edwards','','LB',19751704,1),(835,'Thompson','','LB',45010093,1),(836,'Washington','','LB',55175891,2),(837,'Bowen','','LB',12077575,2),(838,'Ramos','','LB',34647322,2),(839,'Robinson','','LB',88374718,5),(840,'Curtis','DRY','LB',27785752,2),(841,'Wright','','LB',56240796,5),(842,'Rangel','','LB',48964248,4),(843,'Harding','','LB',39908779,3),(844,'Liu','','LB',23534912,5),(845,'Edwards','','LB',43102884,3),(846,'Burton','','LB',46838330,1),(847,'Green','','LB',78710853,2),(848,'Rodriguez','','LB',37598150,1),(849,'Rowland','','LB',81377735,2),(850,'Roberts','','LB',75000623,5),(851,'Arellano','','LB',66917390,2),(852,'Mason','','LB',94516007,4),(853,'Harding','RPY','LB',95989401,4),(854,'Riley','','LB',13071762,1),(855,'Rogers','','LB',34591964,5),(856,'Cline','','LB',22634793,4),(857,'Martin','','LB',85792792,1),(858,'Montgomery','','LB',78242318,4),(859,'Garcia','','LB',37096049,1),(860,'Jenkins','','LB',41719402,4),(861,'Smith','','LB',67064240,3),(862,'Hoffman','','LB',4806231,4),(863,'Bradley','','LB',20848243,3),(864,'Brown','','LB',48314867,4),(865,'Simmons','','LB',71203069,4),(866,'Jordan','','LB',86604120,3),(867,'Estrada','','LB',23156954,1),(868,'Williamson','DRY','LB',59016611,1),(869,'Reynolds','','LB',74302246,3),(870,'Cook','','LB',43865270,4),(871,'Campbell','','LB',41832410,5),(872,'Anderson','','LB',73568929,2),(873,'Hughes','','LB',8558936,4),(874,'Snow','','LB',19272802,1),(875,'Schneider','','LB',52171477,5),(876,'Smith','','LB',90438570,1),(877,'Lewis','','LB',61121416,3),(878,'Ali','','LB',9953281,4),(879,'Sanchez','','LB',92587575,5),(880,'Freeman','','LB',90929533,5),(881,'Rogers','','LB',82381666,5),(882,'Cantu','','LB',72850339,2),(883,'Mccullough','','LB',1235619,2),(884,'Ramos','','LB',93383823,1),(885,'Faulkner','','LB',44964046,3),(886,'Williams','','LB',26111008,5),(887,'Wheeler','','LB',57847601,4),(888,'Bernard','','LB',97528637,5),(889,'Green','DPY','LB',45603619,7),(890,'Long','','LB',12852412,2),(891,'Kennedy','','LB',92197890,3),(892,'Fields','','LB',91930022,5),(893,'Chandler','','LB',16237346,2),(894,'Mullins','','LB',37750713,4),(895,'Spencer','','OLB',49011284,5),(896,'Patrick','','OLM',21847637,2),(897,'Ray','','OLM',37430072,2),(898,'Watson','','OLM',81866266,3),(899,'Clark','','OLM',53297881,4),(900,'Coleman','','OLM',63818897,1),(901,'Davis','','OLM',88620251,2),(902,'Edwards','','OLM',12634203,3),(903,'Mccarthy','','OLM',94991687,5),(904,'King','','OLM',91044720,3),(905,'Young','','OLM',82128486,5),(906,'Rich','','OLM',24185333,2),(907,'Cross','','OLM',3719990,5),(908,'Cook','','OLM',40416921,5),(909,'Bartlett','','OLM',54059914,1),(910,'James','','OLM',66245878,3),(911,'Ward','ORY','OLM',1322854,1),(912,'Rodriguez','','OLM',54985596,2),(913,'Mendoza','','OLM',94329998,1),(914,'Ross','','OLM',37712422,4),(915,'Palmer','','OLM',1018380,1),(916,'Evans','','OLM',52641115,1),(917,'Cox','','OLM',92593743,4),(918,'Brock','','OLM',15758547,3),(919,'Flores','','OLM',7059884,4),(920,'Wright','','OLM',8367068,3),(921,'Gregory','','OLM',6355748,2),(922,'Davis','','OLM',77173481,5),(923,'Warren','MVP','OLM',97263659,3),(924,'Ellison','','OLM',70884973,1),(925,'Dixon','','OLM',75235738,3),(926,'Jones','','OLM',58380221,5),(927,'Castillo','','OLM',38528613,2),(928,'Solomon','','OLM',94952061,1),(929,'Decker','','OLM',21013332,4),(930,'Gray','','OLM',56129049,5),(931,'Marquez','RPY','OLM',48455237,1),(932,'Cisneros','','OLM',9027303,3),(933,'Garcia','','OLM',31276184,1),(934,'Brown','','OLM',65595315,4),(935,'Adams','','OLM',65320133,1),(936,'Doyle','','OLM',93059124,4),(937,'Frost','','OLM',20259292,2),(938,'Moss','','OLM',25111029,3),(939,'Carter','','OLM',35473464,5),(940,'Henry','','OLM',93570725,4),(941,'Dunn','','OLM',87967795,1),(942,'Gardner','','OLM',27984548,2),(943,'Jenkins','OPY','OLM',65413432,4),(944,'Tyler','','OLM',29118284,5),(945,'Johnson','','OLM',96380759,2),(946,'Lopez','','OLM',3902679,5),(947,'Dixon','','OLM',10258088,3),(948,'Nelson','','OLM',56460972,1),(949,'Ellis','','OLM',96098233,3),(950,'Crawford','','OLM',18030008,5),(951,'Baldwin','','OLM',2500715,5),(952,'Lee','','OLM',89606445,1),(953,'Atkins','CPY','OLM',73450960,8),(954,'Thomas','','OLM',21150854,4),(955,'Cooper','','OLM',80913508,5),(956,'Cook','','OLM',4627102,2),(957,'Garcia','','OLM',62877154,5),(958,'Bond','','OLM',56214135,2),(959,'Hart','','OLM',92457062,4),(960,'Espinoza','','OLM',27427382,5),(961,'Evans','','OLM',718887,1),(962,'Davis','','OLM',34258175,3),(963,'Henderson','','OLM',33453213,2),(964,'Griffin','','OLM',78715869,2),(965,'Harris','','OLM',50592720,1),(966,'Haas','','OLM',58405457,1),(967,'Gonzales','','OLM',28377632,2),(968,'Jones','','OLM',73439136,5),(969,'Davidson','OPY','OLM',19043991,3),(970,'Mccoy','','OLM',8196490,4),(971,'Cunningham','','OLM',23238154,1),(972,'Smith','','OLM',67690081,5),(973,'Newton','','OLM',87726689,5),(974,'Barrett','','OLM',82970341,1),(975,'Sosa','','OLM',45702102,5),(976,'Alvarez','','OLM',80524189,3),(977,'English','','OLM',76434217,4),(978,'Newman','','OLM',19958979,5),(979,'Barrett','','OLM',62731307,5),(980,'White','','OLM',44002940,3),(981,'Rodriguez','','OLM',12707038,3),(982,'Robinson','','OLM',83078029,3),(983,'Hanson','','OLM',51603425,3),(984,'Anderson','','OLM',49588334,1),(985,'Medina','','OLM',44795778,5),(986,'Lee','','OLM',75065906,2),(987,'Michael','','OLM',73005619,1),(988,'Carroll','','OLM',45781951,4),(989,'Webb','','OLM',33216507,1),(990,'Sanders','','OLM',2118215,5),(991,'Ramirez','','OLM',93560790,2),(992,'Dixon','','OLM',19712906,5),(993,'Flores','','OLM',9333818,1),(994,'Pierce','','OLM',36019806,5),(995,'Moody','','OLM',7632171,3),(996,'Tucker','','OLM',3756648,5),(997,'Flores','','OLM',83601059,4),(998,'Foster','','OLM',88719138,2),(999,'Jefferson','','OLM',59961268,2),(1000,'Carrillo','','OLM',58168025,3),(1001,'Roth','','OLM',74188057,3),(1002,'Harrison','','OLM',12914802,4),(1003,'Smith','','OLM',9381644,2),(1004,'Rich','','OLM',25875453,4),(1005,'Kelly','','OLM',38845283,2),(1006,'Adams','','OLM',49983359,5),(1007,'Turner','','OLM',77310278,1),(1008,'Martinez','','OLM',9955371,3),(1009,'Barton','','OLM',46189430,5),(1010,'Conner','','OLM',55278540,3),(1011,'Smith','','OLM',44720523,3),(1012,'Arnold','','OLM',90893271,4),(1013,'Kemp','OPY','OLM',35360350,4),(1014,'Gray','','OLM',74662450,1),(1015,'Cooper','','OLM',66387212,4),(1016,'Moore','','OLM',53062953,2),(1017,'Pierce','','OLM',54901152,1),(1018,'Jones','','OLM',67175545,5),(1019,'Gonzalez','','OLM',25783218,3),(1020,'Perkins','','OLM',35676647,5),(1021,'Russo','','OLM',91453141,1),(1022,'Simmons','','OLM',54173400,1),(1023,'Jackson','','OLM',44271751,1),(1024,'Lynch','','OLM',33231215,1),(1025,'Mason','','OLM',59389572,5),(1026,'Hammond','','OLM',34702725,2),(1027,'Herring','','OLM',84388139,4),(1028,'Lee','','OLM',11244166,1),(1029,'Fischer','','OLM',7409786,4),(1030,'Ramirez','','OLM',40873046,4),(1031,'Tanner','','OLM',36100103,3),(1032,'Villanueva','','OLM',14612392,4),(1033,'Rodriguez','','OLM',87102908,4),(1034,'Peck','','OLM',13027618,1),(1035,'Leon','','OLM',52866388,1),(1036,'Casey','','OLM',22182267,4),(1037,'Thomas','','OLM',61831471,4),(1038,'Rodriguez','','OLM',77182775,2),(1039,'Nichols','','OLM',37851058,3),(1040,'Andrade','','OLM',53673421,3),(1041,'Foley','','OLM',28618682,2),(1042,'Larson','','OLM',53971960,4),(1043,'Allen','','OLM',13407614,2),(1044,'Gonzalez','','OLM',6158090,2),(1045,'Warren','','OLM',84795233,1),(1046,'Morales','ORY','OLM',79208718,4),(1047,'Zimmerman','','OLM',21822419,5),(1048,'Lee','','OLM',88193668,2),(1049,'Murphy','','OLM',285807,3),(1050,'Walker','','OLM',73736753,2),(1051,'Stevens','','OLM',42120707,1),(1052,'Meyer','','OLM',87693405,2),(1053,'Raymond','','OLM',88843491,5),(1054,'Ortiz','','OLM',3369163,1),(1055,'Andersen','','OLM',26404158,5),(1056,'Solis','','OLM',7751337,2),(1057,'Williams','','OLM',52581439,2),(1058,'Smith','','OLM',97635087,1),(1059,'Perez','','OLM',97196751,3),(1060,'Shaw','','OLM',39572631,5),(1061,'Young','','OLM',43412211,2),(1062,'Watts','','OLM',28392903,5),(1063,'Hayden','','OLM',2650096,1),(1064,'Williams','','OLM',75602365,4),(1065,'Schmidt','','OLM',45237465,2),(1066,'Hickman','','OLM',54179438,5),(1067,'Booth','','OLM',1914527,5),(1068,'Jones','','OLM',59866008,2),(1069,'Holmes','','OLM',69665204,4),(1070,'Case','','OLM',57510585,1),(1071,'Burke','','OLM',16383080,2),(1072,'Johnson','','OLM',25381389,3),(1073,'Trujillo','','OLM',62372999,1),(1074,'Miller','','OLM',50881112,4),(1075,'Mills','','OLM',62459425,5),(1076,'Ferguson','','OLM',51494030,2),(1077,'Munoz','','OLM',10382229,1),(1078,'Giles','','OLM',95807961,1),(1079,'Adams','','OLM',74412104,2),(1080,'Jacobs','','OLM',64881281,3),(1081,'Hogan','','OLM',50888057,4),(1082,'Ford','ORY','OLM',52765757,2),(1083,'Hall','','OLM',56997170,2),(1084,'Hill','','OLM',59040175,2),(1085,'Brock','','OLM',4208868,5),(1086,'Richardson','','OLM',5267498,4),(1087,'Watson','','OLM',11968067,3),(1088,'Alexander','','OLM',68547860,3),(1089,'Guerra','','OLM',93056406,5),(1090,'Guerrero','','OLM',55691648,4),(1091,'Howe','','OLM',78625711,1),(1092,'Day','','OLM',21091094,5),(1093,'Wilson','','OLM',80599100,3),(1094,'Smith','','OLM',51836964,1),(1095,'Farrell','','OLM',87249678,1),(1096,'Newman','','OLM',11434061,1),(1097,'Gonzalez','','OLM',31047990,3),(1098,'Perez','','OLM',64662417,1),(1099,'Richardson','','OLM',87191624,4),(1100,'Ellis','','OLM',5266169,2),(1101,'Foley','','OLM',18335571,4),(1102,'Lee','MVP','OLM',82485659,1),(1103,'Montes','','OLM',40438643,1),(1104,'Wright','','OLM',15887632,4),(1105,'Myers','','OLM',22873849,5),(1106,'Fisher','','OLM',76393579,1),(1107,'Cox','','OLM',26985720,2),(1108,'Goodman','','OLM',44866689,5),(1109,'Ortega','','OLM',44196108,4),(1110,'Mann','','OLM',39543171,3),(1111,'Herrera','','OLM',68621251,5),(1112,'Glover','','OLM',55768365,2),(1113,'Phillips','','OLM',13055089,2),(1114,'Fox','','OLM',2314474,1),(1115,'Kelley','','OLM',44807214,2),(1116,'Williams','','OLM',92334094,2),(1117,'Weber','','OLM',21062597,1),(1118,'Keller','','OLM',57196937,5),(1119,'Jones','','OLM',64154781,1),(1120,'Singleton','','OLM',45903641,5),(1121,'Mcgee','','OLM',23839670,3),(1122,'Stone','','OLM',26461503,4),(1123,'Lucero','','OLM',59925694,4),(1124,'Kent','','OLM',81883221,2),(1125,'Wright','','OLM',39751664,5),(1126,'Walter','','OLM',62246572,5),(1127,'Houston','','OLM',20036928,5),(1128,'Murillo','','OLM',66720719,2),(1129,'Moran','','OLM',21155339,5),(1130,'Matthews','','OLM',6447197,2),(1131,'Fleming','','OLM',25527838,5),(1132,'Porter','','OLM',95062221,4),(1133,'Jensen','','OLM',10053527,3),(1134,'Schneider','','OLM',18653244,3),(1135,'Newman','','OLM',17981183,1),(1136,'Keller','','OLM',79068341,5),(1137,'Miller','','OLM',2966978,2),(1138,'Haley','','OLM',26952661,4),(1139,'Duran','','OLM',22771533,1),(1140,'Rodriguez','','OLM',90909740,3),(1141,'Martinez','','OLM',83457197,5),(1142,'Cunningham','','OLM',58244137,4),(1143,'Gilbert','','OLM',42739354,2),(1144,'Martin','','OLM',82977844,1),(1145,'Brown','','OLM',45786406,2),(1146,'Gallegos','','OLM',21192885,1),(1147,'Rogers','','OLM',69059613,4),(1148,'Harris','','OLM',28416414,1),(1149,'Berg','','OLM',30091249,3),(1150,'Jackson','','OLM',7850983,2),(1151,'Bauer','','OLM',85302182,1),(1152,'Krause','OPY','OLM',6338822,4),(1153,'Simpson','','OLM',17087338,1),(1154,'Contreras','','OLM',42924855,5),(1155,'Heath','','OLM',87138643,5),(1156,'Owens','','OLM',30108220,2),(1157,'Hensley','','OLM',42101930,2),(1158,'Mora','','OLM',10565039,4),(1159,'Gentry','','OLM',42985834,4),(1160,'Moody','','OLM',62284928,2),(1161,'Avery','','OLM',71320238,5),(1162,'Mack','','OLM',73410207,5),(1163,'Davidson','','OLM',57510939,1),(1164,'Gamble','','OLM',25918489,5),(1165,'Thomas','','OLM',85088361,3),(1166,'Carson','','QB',4580346,1),(1167,'Mack','','QB',59780105,5),(1168,'Miller','','QB',36114841,5),(1169,'Richards','','QB',35437580,3),(1170,'Craig','','QB',3279071,2),(1171,'Bennett','','QB',34747294,5),(1172,'Parks','','QB',17218410,3),(1173,'Kirk','CPY','QB',96701675,10),(1174,'Hobbs','','QB',96503660,1),(1175,'Gonzalez','','QB',67818285,4),(1176,'Harris','','QB',56678758,5),(1177,'Watts','','QB',39999919,5),(1178,'Nicholson','','QB',56000765,2),(1179,'Martinez','CPY','QB',75774888,12),(1180,'Rogers','','QB',88114554,3),(1181,'Camacho','','QB',9166140,5),(1182,'Jordan','','QB',8003948,5),(1183,'Montgomery','RPY','QB',2650148,4),(1184,'Jones','','QB',92084265,4),(1185,'Rice','','QB',37077078,8),(1186,'Williams','','QB',63826463,3),(1187,'Carter','','QB',57202450,3),(1188,'Taylor','','QB',11346120,1),(1189,'James','','QB',52491015,3),(1190,'Thomas','','QB',47600396,1),(1191,'Brady','MVP','QB',16633283,20),(1192,'Wagner','','QB',20986954,4),(1193,'King','','QB',75933419,4),(1194,'Wolfe','','QB',49658813,4),(1195,'Garza','','QB',81044340,1),(1196,'Combs','','QB',90326492,5),(1197,'Moses','','QB',38042140,5),(1198,'Orozco','','RB',83753633,5),(1199,'Coleman','MVP','RB',87845679,11),(1200,'James','','RB',16556736,2),(1201,'Walsh','','RB',56663977,3),(1202,'Clark','','RB',7275012,3),(1203,'Williams','RPY','RB',69206844,3),(1204,'Fuller','','RB',47515065,5),(1205,'Baker','CPY','RB',40125747,5),(1206,'Green','','RB',48852175,5),(1207,'Ward','','RB',49468812,2),(1208,'James','','RB',60537012,2),(1209,'Armstrong','','RB',38799982,5),(1210,'St. Anthony','','RB',86494611,1),(1211,'Ross','','RB',37841449,1),(1212,'Adams','','RB',28723313,4),(1213,'Gomez','MYR','RB',82734460,1),(1214,'Kim','','RB',10412338,1),(1215,'Bowman','','RB',46924401,1),(1216,'Williams','','RB',38394288,1),(1217,'Weber','','RB',5906964,4),(1218,'Adams','OPY','RB',85411005,4),(1219,'Bentley','','RB',70166098,1),(1220,'Roberts','','RB',46592704,5),(1221,'King','','RB',37321369,3),(1222,'Edwards','MYR','RB',96776142,6),(1223,'Henson','','RB',22150220,2),(1224,'Ellis','','RB',57378315,2),(1225,'Miller','','RB',62992980,2),(1226,'Montgomery','','RB',6657936,5),(1227,'Olson','','RB',63980233,2),(1228,'Hart','','RB',19051057,2),(1229,'Hudson','','S',94042931,5),(1230,'Jones','','S',24394504,2),(1231,'Morales','','S',40983494,3),(1232,'Jacobs','','S',35311448,3),(1233,'Shepherd','','S',16954380,4),(1234,'Jones','','S',44000824,4),(1235,'Lee','','S',96123491,3),(1236,'James','','S',38602674,4),(1237,'Garcia','','S',72313059,2),(1238,'Pacheco','','S',44639330,2),(1239,'Morris','','S',33798570,5),(1240,'Bush','','S',36337910,3),(1241,'Perry','','S',43544016,1),(1242,'King','','S',27638947,5),(1243,'Vest','','S',4928979,1),(1244,'Wagner','','S',79511680,2),(1245,'Gonzalez','','S',86291513,2),(1246,'Johnson','','S',62229569,4),(1247,'Perez','','S',87333470,5),(1248,'Wallace','','S',54514357,5),(1249,'Wilson','','S',32866673,5),(1250,'Molina','','S',82317709,4),(1251,'Bradford','','S',32887638,1),(1252,'Dixon','','S',93728998,2),(1253,'Miller','','S',59263265,1),(1254,'Gibson','','S',98282399,5),(1255,'Solis','','S',21382762,1),(1256,'Taylor','','S',1921860,3),(1257,'Johnson','','S',64903244,4),(1258,'Wilson','','S',74616119,2),(1259,'Mitchell','','S',84156084,1),(1260,'Russo','','S',40732602,2),(1261,'St. Clair','','TE',58547003,2),(1262,'Russell','','TE',22238567,5),(1263,'Jones','','TE',28067028,2),(1264,'Gonzales','','TE',55752611,5),(1265,'Owens','','TE',14442851,2),(1266,'Bowman','','TE',52995405,1),(1267,'Hall','','TE',41195816,2),(1268,'Dickson','','TE',14507719,2),(1269,'Barr','','TE',86430594,1),(1270,'Daniels','','TE',87982395,1),(1271,'Collins','','TE',79594673,3),(1272,'Campbell','','TE',60720632,4),(1273,'Parks','','TE',57455680,3),(1274,'Williams','','TE',52069182,5),(1275,'Ramos','','TE',28977318,5),(1276,'Cobb','','TE',49262743,4),(1277,'Parker','','TE',68200675,3),(1278,'Bullock','','TE',35941034,5),(1279,'Perez','','TE',3967916,4),(1280,'Hopkins','','TE',88005253,1),(1281,'Galloway','','TE',98346078,5),(1282,'Wood','RPY','TE',22946741,2),(1283,'Crawford','','TE',50189336,2),(1284,'Ferrell','','TE',66876122,3),(1285,'Williams','','TE',83643531,4),(1286,'Hernandez','','TE',45405828,2),(1287,'Robinson','','TE',79429364,1),(1288,'Jones','','TE',75640873,3),(1289,'Freeman','','TE',2101523,4),(1290,'Phillips','','TE',72773842,4),(1291,'Lewis','','TE',20927216,1),(1292,'Bruce','','TE',58172601,1),(1293,'Rodriguez','','TE',93602990,4),(1294,'Perez','ORY','TE',34077665,2),(1295,'Jackson','','TE',18731156,3),(1296,'Lopez','','TE',89835519,5),(1297,'Vasquez','','TE',66940110,5),(1298,'Allen','','TE',10572782,4),(1299,'Norris','','TE',74673774,1),(1300,'Harris','','TE',84115783,5),(1301,'Paul','','TE',12410739,3),(1302,'Flowers','','TE',42530785,4),(1303,'Ortega','','TE',65244268,2),(1304,'Rasmussen','','TE',95216102,5),(1305,'Phillips','','TE',91312319,4),(1306,'Sims','','TE',76875634,4),(1307,'Greene','','TE',93476157,2),(1308,'Cervantes','','TE',4210889,3),(1309,'Davis','','TE',34530127,2),(1310,'Black','','TE',90594594,3),(1311,'Knox','','TE',28638989,4),(1312,'Rodriguez','','TE',7746063,4),(1313,'Schmidt','','TE',14352317,2),(1314,'Edwards','','TE',22408305,5),(1315,'Brown','','TE',57207116,2),(1316,'Moore','','TE',46414900,1),(1317,'Watkins','','TE',66538194,5),(1318,'Garcia','','TE',17544247,4),(1319,'Burke','','TE',20236183,3),(1320,'Hall','','TE',21671591,5),(1321,'Arnold','','TE',71406681,5),(1322,'Yoder','','TE',67446056,3),(1323,'Mendoza','','TE',8518562,2),(1324,'Graves','','TE',56750730,3),(1325,'Hood','','TE',76935852,1),(1326,'Smith','','TE',17154418,2),(1327,'Green','','TE',24139791,5),(1328,'Graham','','TE',76894713,2),(1329,'Olson','','TE',78918026,4),(1330,'Knox','','TE',74755921,5),(1331,'Smith','','TE',90218507,4),(1332,'Berg','','TE',62433094,5),(1333,'Torres','','TE',88424972,4),(1334,'Hansen','','TE',21309152,3),(1335,'Davis','','TE',73643393,3),(1336,'Grant','','TE',55102046,2),(1337,'Ruiz','','TE',1210424,3),(1338,'Hodges','','TE',67665968,5),(1339,'Richmond','','TE',67788390,5),(1340,'Lopez','','TE',97100286,5),(1341,'Harrington','','TE',57909326,4),(1342,'Brown','','TE',46125106,5),(1343,'Berry','','TE',65684714,5),(1344,'Spencer','','TE',935947,5),(1345,'Wilson','','TE',32052923,2),(1346,'Taylor','','TE',13941381,1),(1347,'Woodard','','TE',55450919,5),(1348,'Smith','','TE',41620355,1),(1349,'Reed','','TE',89519718,5),(1350,'Wood','','TE',74004909,1),(1351,'Hill','','TE',5312120,1),(1352,'Garcia','','WR',47646056,1),(1353,'Baker','','WR',90029127,1),(1354,'Shaw','','WR',14225443,1),(1355,'Watkins','','WR',19639832,1),(1356,'Ferrell','','WR',56156058,5),(1357,'Brown','','WR',36682641,1),(1358,'Long','','WR',34256497,3),(1359,'Nelson','','WR',57749079,4),(1360,'Russell','','WR',28186563,5),(1361,'Reynolds','','WR',97851173,5),(1362,'Patterson','MYR','WR',87433462,5),(1363,'Adams','','WR',70575839,1),(1364,'Oconnell','','WR',30396843,1),(1365,'Howard','','WR',80962236,1),(1366,'Lawson','','WR',87918819,3),(1367,'Carey','','WR',52731288,5),(1368,'Pitts','','WR',67828421,4),(1369,'Myers','','WR',71270030,4),(1370,'Diaz','','WR',33444948,5),(1371,'Hardin','','WR',50013610,3),(1372,'Garcia','','WR',28118527,4),(1373,'Jones','','WR',46368639,2),(1374,'Freeman','','WR',49647796,1),(1375,'Allen','','WR',93155358,4),(1376,'Williams','','WR',74678134,1),(1377,'Day','','WR',49788636,3),(1378,'Tyler','','WR',33448555,4),(1379,'Taylor','','WR',79135623,1),(1380,'Holden','','WR',754422,3),(1381,'Knight','','WR',59013004,5),(1382,'Morales','','WR',18201465,3),(1383,'Jimenez','','WR',32301006,4),(1384,'Donovan','','WR',89042738,3),(1385,'Campbell','','WR',66450318,5),(1386,'Cash','','WR',15034995,3),(1387,'Mckay','','WR',8119893,5),(1388,'Reed','','WR',91413915,1),(1389,'Bartlett','','WR',48102189,2),(1390,'Benitez','','WR',24588557,3),(1391,'Miller','','WR',83001124,3),(1392,'Barrett','','WR',50179913,1),(1393,'Jones','','WR',9124486,5),(1394,'Yang','','WR',2853753,5),(1395,'Larsen','','WR',14802326,3),(1396,'Briggs','','WR',2213823,2),(1397,'Carrillo','','WR',14214232,4),(1398,'Mclean','','WR',19300907,4),(1399,'Walsh','','WR',3057216,4),(1400,'Jones','','WR',11809319,3),(1401,'Willis','','WR',6423272,1),(1402,'Ward','','WR',17256284,3),(1403,'Paul','','WR',17909732,3),(1404,'Rogers','','WR',23878461,3),(1405,'Barker','','WR',11667152,5),(1406,'Lopez','','WR',11120817,1),(1407,'Jormund','','WR',17611572,3),(1408,'Dunn','','WR',8657700,2),(1409,'Reed','','WR',2523547,1),(1410,'Wilson','','WR',550611,3),(1411,'Jackson','','WR',16207374,4),(1412,'Mcmillan','','WR',7063396,5),(1413,'Garcia','','WR',22715205,1),(1414,'Nunez','','WR',5098906,5),(1415,'Castaneda','','WR',14828036,1),(1416,'Ingram','','WR',14381840,4),(1417,'Carter','','WR',5083345,3),(1418,'Braun','','WR',5893285,5),(1419,'Cruz','','WR',19516578,5),(1420,'Hernandez','','WR',6734797,4),(1421,'Welch','','WR',2818324,4),(1422,'Morgan','','WR',7537123,1),(1423,'Newman','','WR',7326216,4),(1424,'Acevedo','','WR',20459305,2),(1425,'Pham','','WR',10823001,3),(1426,'Brown','','WR',7193395,5),(1427,'Meadows','','WR',14304362,4),(1428,'Kelley','','WR',3294153,2),(1429,'Sloan','','WR',12876153,5),(1430,'Cannon','','WR',21121805,3),(1431,'Robinson','MYR','WR',10286300,3),(1432,'Hansen','','WR',21876895,3),(1433,'Greene','','WR',13728188,1),(1434,'Tyler','','WR',2631144,4),(1435,'Tran','CPY','WR',6,3),(1436,'Gonzalez','','WR',53705004,1),(1437,'Ryan','','WR',73910098,5),(1438,'Jefferson','','WR',39008607,4),(1439,'Leblanc','','WR',45084648,1),(1440,'Carter','','WR',17307923,2),(1441,'Jones','','WR',29150582,3),(1442,'Wyatt','','WR',50591709,3),(1443,'Miller','','WR',31843430,4),(1444,'Maldonado','ORY','WR',37970980,2),(1445,'Jones','','WR',54083404,1),(1446,'Henderson','','WR',12543895,4),(1447,'Mcdonald','','WR',71357321,5),(1448,'Jenkins','','WR',21666683,5),(1449,'Garcia','','WR',30300472,3),(1450,'Wilson','','WR',41208309,5),(1451,'Cabrera','','WR',26964214,1),(1452,'Kline','MYR','WR',53835961,5),(1453,'Johnson','','WR',2409895,5),(1454,'Silva','','WR',5462574,1),(1455,'Robinson','','WR',38379341,1),(1456,'Summers','','WR',60987894,5),(1457,'Reilly','','WR',12262674,4),(1458,'Callahan','','WR',54292339,1),(1459,'Craig','MYR','WR',33169195,1),(1460,'Rodriguez','','WR',58029827,1),(1461,'Evans','','WR',35858143,3),(1462,'Howard','','WR',58242110,3),(1463,'Reynolds','','WR',67723654,4),(1464,'Munigan','','WR',43397687,3),(2000,'GARFIELDSATANMACHINE','NOAWARD','AAA',12,12),(2000,'GARFIELDSATANMACHINE','NOAWARD','AAA',12,12),(45,'GARFIELDSATANMACHINE','NOAWARD','AAA',12,12),(212,'GARFIELDSATANMACHINE','NOAWARD','AAA',12,12);
/*!40000 ALTER TABLE `player` ENABLE KEYS */;
UNLOCK TABLES;
/*!50003 SET @saved_cs_client      = @@character_set_client */ ;
/*!50003 SET @saved_cs_results     = @@character_set_results */ ;
/*!50003 SET @saved_col_connection = @@collation_connection */ ;
/*!50003 SET character_set_client  = utf8mb4 */ ;
/*!50003 SET character_set_results = utf8mb4 */ ;
/*!50003 SET collation_connection  = utf8mb4_0900_ai_ci */ ;
/*!50003 SET @saved_sql_mode       = @@sql_mode */ ;
/*!50003 SET sql_mode              = 'ONLY_FULL_GROUP_BY,STRICT_TRANS_TABLES,NO_ZERO_IN_DATE,NO_ZERO_DATE,ERROR_FOR_DIVISION_BY_ZERO,NO_ENGINE_SUBSTITUTION' */ ;
DELIMITER ;;
/*!50003 CREATE*/ /*!50017 DEFINER=`root`@`localhost`*/ /*!50003 TRIGGER `player_INSERT` AFTER INSERT ON `player` FOR EACH ROW INSERT INTO PlayerLogs VALUES(NEW.PLAYER_ID, 'Inserted') */;;
DELIMITER ;
/*!50003 SET sql_mode              = @saved_sql_mode */ ;
/*!50003 SET character_set_client  = @saved_cs_client */ ;
/*!50003 SET character_set_results = @saved_cs_results */ ;
/*!50003 SET collation_connection  = @saved_col_connection */ ;

--
-- Table structure for table `player_awards`
--

DROP TABLE IF EXISTS `player_awards`;
/*!40101 SET @saved_cs_client     = @@character_set_client */;
/*!50503 SET character_set_client = utf8mb4 */;
CREATE TABLE `player_awards` (
  `AWARD_ID` int DEFAULT NULL,
  `AWARD_NAME` text
) ENGINE=InnoDB DEFAULT CHARSET=utf8mb4 COLLATE=utf8mb4_0900_ai_ci;
/*!40101 SET character_set_client = @saved_cs_client */;

--
-- Dumping data for table `player_awards`
--

LOCK TABLES `player_awards` WRITE;
/*!40000 ALTER TABLE `player_awards` DISABLE KEYS */;
INSERT INTO `player_awards` VALUES (1,'MVP'),(2,'OPY'),(3,'DPY'),(4,'RPY'),(5,'CPY'),(6,'ORY'),(7,'DRY'),(8,'MYR');
/*!40000 ALTER TABLE `player_awards` ENABLE KEYS */;
UNLOCK TABLES;

--
-- Table structure for table `player_injuries`
--

DROP TABLE IF EXISTS `player_injuries`;
/*!40101 SET @saved_cs_client     = @@character_set_client */;
/*!50503 SET character_set_client = utf8mb4 */;
CREATE TABLE `player_injuries` (
  `PLAYER_ID` int DEFAULT NULL,
  `INJURY_ID` int DEFAULT NULL,
  `GAME_ID` int DEFAULT NULL
) ENGINE=InnoDB DEFAULT CHARSET=utf8mb4 COLLATE=utf8mb4_0900_ai_ci;
/*!40101 SET character_set_client = @saved_cs_client */;

--
-- Dumping data for table `player_injuries`
--

LOCK TABLES `player_injuries` WRITE;
/*!40000 ALTER TABLE `player_injuries` DISABLE KEYS */;
INSERT INTO `player_injuries` VALUES (1,1,0),(100,3,46),(200,4,68),(300,5,102),(400,7,142),(500,10,200),(600,11,237),(28,12,7),(62,14,19),(143,16,62),(145,17,63),(187,18,73),(190,30,77),(336,30,120),(334,27,125),(12,26,12),(46,40,29),(439,41,156),(522,44,204),(643,46,260),(123,21,43),(234,31,89),(345,30,129),(456,11,180),(567,13,224),(610,15,238),(611,14,236),(631,30,259),(660,14,259);
/*!40000 ALTER TABLE `player_injuries` ENABLE KEYS */;
UNLOCK TABLES;

--
-- Table structure for table `player_player_awards`
--

DROP TABLE IF EXISTS `player_player_awards`;
/*!40101 SET @saved_cs_client     = @@character_set_client */;
/*!50503 SET character_set_client = utf8mb4 */;
CREATE TABLE `player_player_awards` (
  `PLAYER_ID` int DEFAULT NULL,
  `AWARD_ID` int DEFAULT NULL
) ENGINE=InnoDB DEFAULT CHARSET=utf8mb4 COLLATE=utf8mb4_0900_ai_ci;
/*!40101 SET character_set_client = @saved_cs_client */;

--
-- Dumping data for table `player_player_awards`
--

LOCK TABLES `player_player_awards` WRITE;
/*!40000 ALTER TABLE `player_player_awards` DISABLE KEYS */;
INSERT INTO `player_player_awards` VALUES (91,1),(923,1),(1102,1),(1191,1),(1199,1),(943,2),(969,2),(1013,2),(1152,2),(1218,2),(1,3),(41,3),(143,3),(148,3),(210,3),(229,3),(310,3),(582,3),(889,3),(729,4),(748,4),(853,4),(931,4),(1183,4),(1203,4),(1282,4),(953,5),(1174,5),(1179,5),(1205,5),(1435,5),(911,6),(921,6),(1046,6),(1082,6),(1294,6),(1444,6),(158,7),(345,7),(754,7),(840,7),(868,7),(1213,8),(1222,8),(1362,8),(1431,8),(1452,8),(1479,8);
/*!40000 ALTER TABLE `player_player_awards` ENABLE KEYS */;
UNLOCK TABLES;

--
-- Table structure for table `PlayerLogs`
--

DROP TABLE IF EXISTS `PlayerLogs`;
/*!40101 SET @saved_cs_client     = @@character_set_client */;
/*!50503 SET character_set_client = utf8mb4 */;
CREATE TABLE `PlayerLogs` (
  `PLAYER_ID` int NOT NULL,
  `PLAYER_CHARACTER` varchar(45) DEFAULT NULL,
  PRIMARY KEY (`PLAYER_ID`)
) ENGINE=InnoDB DEFAULT CHARSET=utf8mb4 COLLATE=utf8mb4_0900_ai_ci;
/*!40101 SET character_set_client = @saved_cs_client */;

--
-- Dumping data for table `PlayerLogs`
--

LOCK TABLES `PlayerLogs` WRITE;
/*!40000 ALTER TABLE `PlayerLogs` DISABLE KEYS */;
INSERT INTO `PlayerLogs` VALUES (0,'Inserted'),(45,'Inserted'),(212,'Inserted'),(2000,'Inserted');
/*!40000 ALTER TABLE `PlayerLogs` ENABLE KEYS */;
UNLOCK TABLES;

--
-- Table structure for table `team`
--

DROP TABLE IF EXISTS `team`;
/*!40101 SET @saved_cs_client     = @@character_set_client */;
/*!50503 SET character_set_client = utf8mb4 */;
CREATE TABLE `team` (
  `Team_ID` int DEFAULT NULL,
  `Team_Name` text
) ENGINE=InnoDB DEFAULT CHARSET=utf8mb4 COLLATE=utf8mb4_0900_ai_ci;
/*!40101 SET character_set_client = @saved_cs_client */;

--
-- Dumping data for table `team`
--

LOCK TABLES `team` WRITE;
/*!40000 ALTER TABLE `team` DISABLE KEYS */;
INSERT INTO `team` VALUES (1,'New England Patriots'),(2,'Denver Broncos'),(3,'New Orleans Saints'),(4,'Washington Redskins'),(5,'Green Bay Packers'),(6,'New York Giants'),(7,'Atlanta Falcons'),(8,'Houston Texans'),(9,'Seattle Seahawks'),(10,'Baltimore Ravens'),(11,'San Francisco 49ers'),(12,'Cincinnati Bengals'),(13,'Tampa Bay Buccaneers'),(14,'Minnesota Vikings'),(15,'Dallas Cowboys'),(16,'Chicago Bears'),(17,'Detroit Lions'),(18,'Carolina Panthers'),(19,'Indianapolis Colts'),(20,'San Diego Chargers'),(21,'Buffalo Bills'),(22,'Pittsburgh Steelers'),(23,'Tennessee Titans'),(24,'Cleveland Browns'),(25,'St. Louis Rams'),(26,'Oakland Raiders'),(27,'Miami Dolphins'),(28,'New York Jets'),(29,'Philadelphia Eagles'),(30,'Jacksonville Jaguars'),(31,'Arizona Cardinals'),(32,'Kansas City Chiefs');
/*!40000 ALTER TABLE `team` ENABLE KEYS */;
UNLOCK TABLES;

--
-- Table structure for table `team_players`
--

DROP TABLE IF EXISTS `team_players`;
/*!40101 SET @saved_cs_client     = @@character_set_client */;
/*!50503 SET character_set_client = utf8mb4 */;
CREATE TABLE `team_players` (
  `TEAM_ID` int DEFAULT NULL,
  `PLAYER_ID` int DEFAULT NULL
) ENGINE=InnoDB DEFAULT CHARSET=utf8mb4 COLLATE=utf8mb4_0900_ai_ci;
/*!40101 SET character_set_client = @saved_cs_client */;

--
-- Dumping data for table `team_players`
--

LOCK TABLES `team_players` WRITE;
/*!40000 ALTER TABLE `team_players` DISABLE KEYS */;
INSERT INTO `team_players` VALUES (1,1),(1,2),(1,4),(1,3),(1,5),(1,7),(1,6),(1,8),(1,10),(1,9),(1,11),(1,13),(1,14),(1,12),(1,17),(1,18),(1,15),(1,20),(1,21),(1,22),(1,23),(1,24),(1,16),(1,25),(1,26),(1,28),(1,27),(1,19),(1,32),(1,29),(1,33),(1,30),(1,35),(1,31),(1,34),(1,38),(1,39),(1,41),(1,40),(1,42),(1,36),(1,43),(1,45),(2,46),(1,37),(2,48),(1,44),(2,49),(2,51),(2,52),(2,50),(2,55),(2,53),(2,56),(2,47),(2,57),(2,54),(2,60),(2,58),(2,61),(2,59),(2,64),(2,63),(2,67),(2,66),(2,68),(2,65),(2,70),(2,62),(2,71),(2,72),(2,69),(2,73),(2,74),(2,77),(2,76),(2,79),(2,75),(2,80),(2,81),(2,78),(2,84),(2,83),(2,86),(2,85),(2,88),(2,89),(2,82),(2,90),(2,87),(3,93),(3,91),(3,95),(3,94),(3,96),(3,97),(3,100),(3,98),(3,99),(3,101),(3,102),(3,104),(3,103),(3,107),(3,105),(3,108),(3,106),(3,110),(3,109),(3,111),(3,112),(3,113),(3,115),(3,116),(3,118),(3,117),(3,92),(3,119),(3,120),(3,114),(3,122),(3,121),(3,125),(3,124),(3,123),(3,127),(3,126),(3,129),(3,130),(3,131),(3,132),(3,128),(3,133),(3,135),(4,137),(4,136),(4,138),(4,140),(4,141),(4,139),(4,142),(4,143),(4,145),(4,146),(4,144),(3,134),(4,149),(4,148),(4,147),(4,150),(4,153),(4,152),(4,151),(4,155),(4,156),(4,157),(4,159),(4,158),(4,160),(4,162),(4,161),(4,163),(4,164),(4,154),(4,167),(4,165),(4,168),(4,169),(4,170),(4,172),(4,173),(4,174),(4,175),(4,166),(4,177),(4,176),(4,179),(4,180),(4,178),(4,171),(5,182),(5,181),(5,183),(5,184),(5,186),(5,187),(5,188),(5,189),(5,190),(5,191),(5,193),(5,192),(5,185),(5,194),(5,196),(5,197),(5,198),(5,200),(5,199),(5,201),(5,202),(5,204),(5,203),(5,195),(5,205),(5,206),(5,207),(5,208),(5,209),(5,210),(5,211),(5,212),(5,213),(5,215),(5,214),(5,216),(5,217),(5,218),(5,219),(5,221),(5,220),(5,223),(5,224),(6,226),(5,225),(5,222),(6,227),(6,229),(6,228),(6,231),(6,230),(6,233),(6,234),(6,232),(6,235),(6,236),(6,238),(6,237),(6,239),(6,241),(6,242),(6,240),(6,243),(6,245),(6,246),(6,244),(6,247),(6,248),(6,249),(6,251),(6,250),(6,252),(6,253),(6,254),(6,256),(6,255),(6,259),(6,260),(6,258),(6,261),(6,264),(6,262),(6,263),(6,257),(6,265),(6,267),(6,268),(6,269),(6,266),(6,270),(7,271),(7,272),(7,274),(7,276),(7,273),(7,275),(7,277),(7,279),(7,278),(7,281),(7,280),(7,282),(7,285),(7,284),(7,283),(7,287),(7,286),(7,288),(7,289),(7,292),(7,291),(7,290),(7,293),(7,295),(7,294),(7,297),(7,298),(7,296),(7,301),(7,300),(7,302),(7,303),(7,299),(7,304),(7,305),(7,306),(7,308),(7,309),(7,307),(7,312),(7,310),(7,311),(7,314),(7,315),(8,317),(8,316),(7,313),(8,318),(8,320),(8,319),(8,322),(8,324),(8,321),(8,323),(8,327),(8,325),(8,329),(8,328),(8,326),(8,330),(8,331),(8,332),(8,333),(8,336),(8,337),(8,335),(8,334),(8,339),(8,340),(8,338),(8,341),(8,343),(8,342),(8,344),(8,345),(8,347),(8,346),(8,348),(8,349),(8,350),(8,351),(8,353),(8,352),(8,354),(8,356),(8,355),(8,357),(8,360),(8,359),(9,361),(9,362),(8,358),(9,365),(9,364),(9,367),(9,363),(9,368),(9,369),(9,366),(9,371),(9,370),(9,372),(9,374),(9,373),(9,377),(9,376),(9,378),(9,375),(9,379),(9,381),(9,380),(9,382),(9,384),(9,385),(9,383),(9,388),(9,387),(9,389),(9,386),(9,391),(9,390),(9,394),(9,395),(9,392),(9,397),(9,396),(9,393),(9,400),(9,398),(9,399),(9,402),(9,403),(9,404),(9,405),(10,406),(10,407),(9,401),(10,408),(10,411),(10,409),(10,410),(10,413),(10,412),(10,414),(10,415),(10,416),(10,419),(10,418),(10,420),(10,421),(10,422),(10,417),(10,424),(10,425),(10,423),(10,426),(10,428),(10,427),(10,430),(10,429),(10,432),(10,431),(10,434),(10,435),(10,436),(10,433),(10,438),(10,437),(10,440),(10,441),(10,439),(10,442),(10,443),(10,445),(10,444),(10,447),(10,446),(10,449),(10,448),(11,452),(10,450),(11,454),(11,451),(11,453),(11,456),(11,455),(11,457),(11,458),(11,459),(11,460),(11,462),(11,461),(11,464),(11,465),(11,466),(11,463),(11,467),(11,469),(11,470),(11,468),(11,471),(11,473),(11,472),(11,474),(11,478),(11,475),(11,477),(11,476),(11,480),(11,479),(11,481),(11,482),(11,483),(11,485),(11,484),(11,486),(11,487),(11,488),(11,490),(11,489),(11,492),(11,493),(11,491),(11,494),(12,496),(12,497),(11,495),(12,499),(12,498),(12,500),(12,502),(12,503),(12,505),(12,501),(12,504),(12,506),(12,508),(12,509),(12,507),(12,511),(12,510),(12,512),(12,514),(12,513),(12,515),(12,516),(12,517),(12,518),(12,520),(12,519),(12,522),(12,521),(12,524),(12,523),(12,527),(12,525),(12,526),(12,528),(12,529),(12,531),(12,532),(12,530),(12,533),(12,534),(12,535),(12,537),(12,536),(12,538),(12,539),(12,540),(13,542),(13,541),(13,543),(13,544),(13,546),(13,545),(13,547),(13,548),(13,550),(13,551),(13,549),(13,554),(13,552),(13,553),(13,556),(13,557),(13,555),(13,559),(13,558),(13,560),(13,561),(13,564),(13,562),(13,563),(13,565),(13,566),(13,567),(13,570),(13,568),(13,569),(13,572),(13,573),(13,571),(13,574),(13,577),(13,576),(13,575),(13,578),(13,579),(13,581),(13,580),(13,582),(13,583),(13,584),(13,585),(14,586),(14,589),(14,588),(14,587),(14,591),(14,592),(14,590),(14,594),(14,593),(14,595),(14,597),(14,596),(14,599),(14,598),(14,602),(14,601),(14,600),(14,604),(14,603),(14,605),(14,606),(14,608),(14,607),(14,610),(14,609),(14,611),(14,612),(14,613),(14,615),(14,616),(14,617),(14,614),(14,619),(14,621),(14,618),(14,620),(14,622),(14,624),(14,623),(14,626),(14,625),(14,627),(15,631),(14,628),(14,629),(14,630),(15,633),(15,635),(15,634),(15,636),(15,637),(15,632),(15,640),(15,639),(15,641),(15,638),(15,642),(15,645),(15,643),(15,644),(15,648),(15,649),(15,647),(15,650),(15,646),(15,651),(15,653),(15,652),(15,656),(15,654),(15,655),(15,657),(15,658),(15,660),(15,659),(15,661),(15,662),(15,663),(15,665),(15,666),(15,667),(15,664),(15,668),(15,669),(15,670),(15,671),(15,672),(15,673),(15,675),(15,674),(16,676),(16,679),(16,677),(16,678),(16,680),(16,681),(16,684),(16,683),(16,685),(16,686),(16,682),(16,687),(16,688),(16,689),(16,690),(16,693),(16,692),(16,694),(16,695),(16,696),(16,697),(16,699),(16,698),(16,701),(16,700),(16,702),(16,691),(16,704),(16,705),(16,703),(16,706),(16,707),(16,708),(16,710),(16,709),(16,712),(16,711),(16,713),(16,715),(16,714),(16,717),(16,718),(16,719),(16,716),(17,721),(17,722),(16,720),(17,723),(17,725),(17,726),(17,727),(17,728),(17,729),(17,724),(17,730),(17,731),(17,732),(17,733),(17,735),(17,736),(17,738),(17,734),(17,737),(17,739),(17,740),(17,743),(17,742),(17,741),(17,744),(17,747),(17,746),(17,745),(17,748),(17,750),(17,749),(17,751),(17,754),(17,752),(17,755),(17,753),(17,756),(17,758),(17,757),(17,759),(17,760),(17,762),(17,761),(17,763),(18,766),(17,764),(17,765),(18,770),(18,768),(18,769),(18,771),(18,767),(18,772),(18,775),(18,774),(18,776),(18,773),(18,778),(18,777),(18,780),(18,779),(18,783),(18,781),(18,784),(18,785),(18,782),(18,788),(18,787),(18,786),(18,789),(18,791),(18,793),(18,792),(18,790),(18,794),(18,796),(18,797),(18,795),(18,798),(18,799),(18,800),(18,801),(18,802),(18,805),(18,803),(18,804),(18,809),(18,806),(18,807),(18,810),(19,811),(18,808),(19,814),(19,813),(19,812),(19,816),(19,817),(19,815),(19,819),(19,818),(19,820),(19,822),(19,821),(19,825),(19,827),(19,824),(19,823),(19,828),(19,826),(19,829),(19,831),(19,832),(19,830),(19,833),(19,834),(19,835),(19,837),(19,836),(19,838),(19,839),(19,841),(19,842),(19,840),(19,844),(19,843),(19,845),(19,847),(19,850),(19,848),(19,846),(19,852),(19,851),(19,849),(19,854),(19,855),(19,853),(20,859),(20,858),(20,856),(20,857),(20,860),(20,862),(20,864),(20,863),(20,865),(20,866),(20,861),(20,867),(20,868),(20,870),(20,871),(20,869),(20,873),(20,874),(20,872),(20,876),(20,875),(20,879),(20,878),(20,877),(20,881),(20,884),(20,882),(20,885),(20,880),(20,886),(20,888),(20,883),(20,889),(20,890),(20,887),(20,893),(20,892),(20,891),(20,896),(20,894),(20,897),(20,898),(20,899),(20,895),(20,900),(21,902),(21,903),(21,904),(21,905),(21,906),(21,901),(21,908),(21,907),(21,909),(21,910),(21,911),(21,914),(21,913),(21,915),(21,912),(21,917),(21,918),(21,916),(21,922),(21,920),(21,919),(21,923),(21,924),(21,921),(21,926),(21,925),(21,927),(21,929),(21,928),(21,931),(21,930),(21,932),(21,933),(21,935),(21,934),(21,936),(21,938),(21,937),(21,939),(21,940),(21,942),(21,943),(21,941),(21,944),(22,946),(21,945),(22,947),(22,948),(22,949),(22,951),(22,950),(22,953),(22,952),(22,954),(22,955),(22,958),(22,957),(22,959),(22,961),(22,956),(22,962),(22,965),(22,963),(22,960),(22,966),(22,967),(22,964),(22,971),(22,968),(22,970),(22,972),(22,969),(22,974),(22,975),(22,973),(22,976),(22,978),(22,977),(22,980),(22,981),(22,979),(22,982),(22,983),(22,984),(22,985),(22,987),(22,986),(22,988),(23,991),(22,989),(22,990),(23,992),(23,994),(23,995),(23,997),(23,996),(23,998),(23,999),(23,1000),(23,993),(23,1001),(23,1002),(23,1003),(23,1005),(23,1004),(23,1006),(23,1008),(23,1010),(23,1007),(23,1011),(23,1009),(23,1012),(23,1014),(23,1015),(23,1013),(23,1017),(23,1016),(23,1018),(23,1020),(23,1021),(23,1019),(23,1022),(23,1023),(23,1024),(23,1026),(23,1027),(23,1025),(23,1028),(23,1029),(23,1030),(23,1032),(23,1031),(23,1033),(23,1035),(24,1036),(23,1034),(24,1037),(24,1038),(24,1040),(24,1039),(24,1042),(24,1041),(24,1045),(24,1043),(24,1047),(24,1044),(24,1046),(24,1048),(24,1049),(24,1051),(24,1052),(24,1050),(24,1055),(24,1054),(24,1053),(24,1058),(24,1059),(24,1056),(24,1057),(24,1060),(24,1062),(24,1064),(24,1061),(24,1065),(24,1063),(24,1066),(24,1068),(24,1069),(24,1067),(24,1071),(24,1073),(24,1072),(24,1074),(24,1076),(24,1077),(24,1070),(24,1078),(24,1075),(24,1079),(25,1082),(25,1081),(24,1080),(25,1083),(25,1084),(25,1085),(25,1087),(25,1086),(25,1088),(25,1089),(25,1091),(25,1090),(25,1093),(25,1094),(25,1095),(25,1092),(25,1097),(25,1098),(25,1096),(25,1100),(25,1099),(25,1103),(25,1101),(25,1102),(25,1105),(25,1104),(25,1106),(25,1108),(25,1107),(25,1110),(25,1109),(25,1112),(25,1113),(25,1114),(25,1116),(25,1115),(25,1117),(25,1118),(25,1119),(25,1121),(25,1120),(25,1111),(25,1122),(25,1123),(25,1124),(26,1126),(26,1127),(26,1128),(25,1125),(26,1129),(26,1131),(26,1132),(26,1130),(26,1133),(26,1134),(26,1135),(26,1136),(26,1138),(26,1139),(26,1137),(26,1140),(26,1141),(26,1142),(26,1143),(26,1144),(26,1145),(26,1146),(26,1147),(26,1149),(26,1150),(26,1148),(26,1151),(26,1152),(26,1153),(26,1155),(26,1154),(26,1159),(26,1157),(26,1156),(26,1160),(26,1158),(26,1162),(26,1161),(26,1163),(26,1165),(26,1166),(26,1167),(26,1168),(26,1164),(26,1170),(26,1169),(27,1171),(27,1172),(27,1173),(27,1175),(27,1174),(27,1176),(27,1178),(27,1180),(27,1177),(27,1182),(27,1179),(27,1181),(27,1183),(27,1186),(27,1184),(27,1187),(27,1188),(27,1191),(27,1185),(27,1190),(27,1192),(27,1189),(27,1194),(27,1193),(27,1197),(27,1195),(27,1196),(27,1198),(27,1201),(27,1200),(27,1199),(27,1203),(27,1202),(27,1204),(27,1205),(27,1206),(27,1208),(27,1209),(27,1207),(27,1210),(27,1211),(27,1214),(27,1213),(27,1215),(27,1212),(28,1217),(28,1216),(28,1219),(28,1218),(28,1220),(28,1221),(28,1223),(28,1222),(28,1225),(28,1224),(28,1227),(28,1228),(28,1229),(28,1231),(28,1233),(28,1232),(28,1234),(28,1226),(28,1236),(28,1230),(28,1235),(28,1237),(28,1240),(28,1241),(28,1242),(28,1239),(28,1238),(28,1244),(28,1243),(28,1246),(28,1247),(28,1245),(28,1249),(28,1248),(28,1250),(28,1252),(28,1251),(28,1254),(28,1256),(28,1253),(28,1255),(28,1257),(28,1260),(28,1258),(28,1259),(29,1262),(29,1263),(29,1261),(29,1264),(29,1265),(29,1268),(29,1267),(29,1266),(29,1270),(29,1271),(29,1272),(29,1273),(29,1269),(29,1274),(29,1276),(29,1275),(29,1279),(29,1277),(29,1280),(29,1278),(29,1281),(29,1283),(29,1284),(29,1282),(29,1286),(29,1287),(29,1285),(29,1289),(29,1288),(29,1290),(29,1291),(29,1293),(29,1294),(29,1295),(29,1297),(29,1296),(29,1292),(29,1299),(29,1298),(29,1301),(29,1300),(29,1303),(29,1302),(29,1304),(29,1305),(30,1306),(30,1308),(30,1310),(30,1311),(30,1309),(30,1307),(30,1312),(30,1313),(30,1314),(30,1315),(30,1316),(30,1320),(30,1318),(30,1317),(30,1319),(30,1321),(30,1323),(30,1322),(30,1325),(30,1324),(30,1327),(30,1326),(30,1328),(30,1329),(30,1330),(30,1331),(30,1333),(30,1334),(30,1332),(30,1336),(30,1337),(30,1335),(30,1338),(30,1339),(30,1340),(30,1342),(30,1341),(30,1343),(30,1344),(30,1346),(30,1348),(30,1345),(30,1347),(30,1350),(31,1352),(31,1351),(31,1353),(31,1354),(31,1356),(31,1355),(30,1349),(31,1357),(31,1358),(31,1361),(31,1359),(31,1362),(31,1360),(31,1363),(31,1364),(31,1365),(31,1367),(31,1368),(31,1369),(31,1366),(31,1372),(31,1370),(31,1371),(31,1373),(31,1374),(31,1375),(31,1376),(31,1377),(31,1378),(31,1379),(31,1381),(31,1382),(31,1383),(31,1380),(31,1384),(31,1385),(31,1386),(31,1387),(31,1388),(31,1390),(31,1391),(31,1389),(31,1393),(31,1394),(31,1392),(31,1395),(32,1397),(32,1399),(32,1396),(32,1398),(32,1401),(32,1400),(32,1403),(32,1404),(32,1405),(32,1402),(32,1407),(32,1406),(32,1408),(32,1410),(32,1411),(32,1414),(32,1409),(32,1412),(32,1415),(32,1413),(32,1417),(32,1416),(32,1418),(32,1420),(32,1419),(32,1423),(32,1424),(32,1422),(32,1425),(32,1421),(32,1427),(32,1428),(32,1426),(32,1430),(32,1431),(32,1429),(32,1432),(32,1433),(32,1434),(32,1436),(32,1435),(32,1437),(32,1438),(32,1439),(32,1440);
/*!40000 ALTER TABLE `team_players` ENABLE KEYS */;
UNLOCK TABLES;

--
-- Temporary view structure for view `thisview`
--

DROP TABLE IF EXISTS `thisview`;
/*!50001 DROP VIEW IF EXISTS `thisview`*/;
SET @saved_cs_client     = @@character_set_client;
/*!50503 SET character_set_client = utf8mb4 */;
/*!50001 CREATE VIEW `thisview` AS SELECT 
 1 AS `PLAYER_ID`,
 1 AS `PLAYER_NAME`,
 1 AS `AWARD_NAME`*/;
SET character_set_client = @saved_cs_client;

--
-- Dumping routines for database 'finalproject'
--
/*!50003 DROP PROCEDURE IF EXISTS `addYear` */;
/*!50003 SET @saved_cs_client      = @@character_set_client */ ;
/*!50003 SET @saved_cs_results     = @@character_set_results */ ;
/*!50003 SET @saved_col_connection = @@collation_connection */ ;
/*!50003 SET character_set_client  = utf8mb4 */ ;
/*!50003 SET character_set_results = utf8mb4 */ ;
/*!50003 SET collation_connection  = utf8mb4_0900_ai_ci */ ;
/*!50003 SET @saved_sql_mode       = @@sql_mode */ ;
/*!50003 SET sql_mode              = 'ONLY_FULL_GROUP_BY,STRICT_TRANS_TABLES,NO_ZERO_IN_DATE,NO_ZERO_DATE,ERROR_FOR_DIVISION_BY_ZERO,NO_ENGINE_SUBSTITUTION' */ ;
DELIMITER ;;
CREATE DEFINER=`root`@`localhost` PROCEDURE `addYear`(in yearin int)
BEGIN
declare finished int default 0;
declare yearA int;

declare year_cursor cursor for 
select YEARS_ACTIVE from player
where YEARS_ACTIVE = yearin;

declare continue handler for not found set finished =1;

open year_cursor;
fetch next from year_cursor into yearA;
while finished <> 1 do 

    update player set YEARS_ACTIVE  =  yearA + 1; 
    Fetch next from year_cursor into yearA;
end while;
close year_cursor;

END ;;
DELIMITER ;
/*!50003 SET sql_mode              = @saved_sql_mode */ ;
/*!50003 SET character_set_client  = @saved_cs_client */ ;
/*!50003 SET character_set_results = @saved_cs_results */ ;
/*!50003 SET collation_connection  = @saved_col_connection */ ;
/*!50003 DROP PROCEDURE IF EXISTS `getAverageIncome` */;
/*!50003 SET @saved_cs_client      = @@character_set_client */ ;
/*!50003 SET @saved_cs_results     = @@character_set_results */ ;
/*!50003 SET @saved_col_connection = @@collation_connection */ ;
/*!50003 SET character_set_client  = utf8mb4 */ ;
/*!50003 SET character_set_results = utf8mb4 */ ;
/*!50003 SET collation_connection  = utf8mb4_0900_ai_ci */ ;
/*!50003 SET @saved_sql_mode       = @@sql_mode */ ;
/*!50003 SET sql_mode              = 'ONLY_FULL_GROUP_BY,STRICT_TRANS_TABLES,NO_ZERO_IN_DATE,NO_ZERO_DATE,ERROR_FOR_DIVISION_BY_ZERO,NO_ENGINE_SUBSTITUTION' */ ;
DELIMITER ;;
CREATE DEFINER=`root`@`localhost` PROCEDURE `getAverageIncome`(IN activeY int, In pos varchar(3) )
select avg(INCOME) from player
where YEARS_ACTIVE = activeY
and player.CONTRACT = pos ;;
DELIMITER ;
/*!50003 SET sql_mode              = @saved_sql_mode */ ;
/*!50003 SET character_set_client  = @saved_cs_client */ ;
/*!50003 SET character_set_results = @saved_cs_results */ ;
/*!50003 SET collation_connection  = @saved_col_connection */ ;

--
-- Final view structure for view `thisview`
--

/*!50001 DROP VIEW IF EXISTS `thisview`*/;
/*!50001 SET @saved_cs_client          = @@character_set_client */;
/*!50001 SET @saved_cs_results         = @@character_set_results */;
/*!50001 SET @saved_col_connection     = @@collation_connection */;
/*!50001 SET character_set_client      = utf8mb4 */;
/*!50001 SET character_set_results     = utf8mb4 */;
/*!50001 SET collation_connection      = utf8mb4_0900_ai_ci */;
/*!50001 CREATE ALGORITHM=UNDEFINED */
/*!50013 DEFINER=`root`@`localhost` SQL SECURITY DEFINER */
/*!50001 VIEW `thisview` AS select `player`.`PLAYER_ID` AS `PLAYER_ID`,`player`.`PLAYER_NAME` AS `PLAYER_NAME`,`player_awards`.`AWARD_NAME` AS `AWARD_NAME` from ((`player` join `player_player_awards` on((`player`.`PLAYER_ID` = `player_player_awards`.`PLAYER_ID`))) join `player_awards` on((`player_player_awards`.`AWARD_ID` = `player_awards`.`AWARD_ID`))) where (`player_awards`.`AWARD_NAME` = 'MVP') */;
/*!50001 SET character_set_client      = @saved_cs_client */;
/*!50001 SET character_set_results     = @saved_cs_results */;
/*!50001 SET collation_connection      = @saved_col_connection */;
/*!40103 SET TIME_ZONE=@OLD_TIME_ZONE */;

/*!40101 SET SQL_MODE=@OLD_SQL_MODE */;
/*!40014 SET FOREIGN_KEY_CHECKS=@OLD_FOREIGN_KEY_CHECKS */;
/*!40014 SET UNIQUE_CHECKS=@OLD_UNIQUE_CHECKS */;
/*!40101 SET CHARACTER_SET_CLIENT=@OLD_CHARACTER_SET_CLIENT */;
/*!40101 SET CHARACTER_SET_RESULTS=@OLD_CHARACTER_SET_RESULTS */;
/*!40101 SET COLLATION_CONNECTION=@OLD_COLLATION_CONNECTION */;
/*!40111 SET SQL_NOTES=@OLD_SQL_NOTES */;

-- Dump completed on 2022-11-20 19:03:33
